Div,Date,Time,HomeTeam,AwayTeam,Referee,B365H,B365D,B365A,BFDH,BFDD,BFDA,BMGMH,BMGMD,BMGMA,BVH,BVD,BVA,BWH,BWD,BWA,CLH,CLD,CLA,LBH,LBD,LBA,PSH,PSD,PSA,MaxH,MaxD,MaxA,AvgH,AvgD,AvgA,BFEH,BFED,BFEA,B365>2.5,B365<2.5,P>2.5,P<2.5,Max>2.5,Max<2.5,Avg>2.5,Avg<2.5,BFE>2.5,BFE<2.5,AHh,B365AHH,B365AHA,PAHH,PAHA,MaxAHH,MaxAHA,AvgAHH,AvgAHA,BFEAHH,BFEAHA,B365CH,B365CD,B365CA,BFDCH,BFDCD,BFDCA,BMGMCH,BMGMCD,BMGMCA,BVCH,BVCD,BVCA,BWCH,BWCD,BWCA,CLCH,CLCD,CLCA,LBCH,LBCD,LBCA,PSCH,PSCD,PSCA,MaxCH,MaxCD,MaxCA,AvgCH,AvgCD,AvgCA,BFECH,BFECD,BFECA,B365C>2.5,B365C<2.5,PC>2.5,PC<2.5,MaxC>2.5,MaxC<2.5,AvgC>2.5,AvgC<2.5,BFEC>2.5,BFEC<2.5,AHCh,B365CAHH,B365CAHA,PCAHH,PCAHA,MaxCAHH,MaxCAHA,AvgCAHH,AvgCAHA,BFECAHH,BFECAHA,HTGE,ATGE,HWin,Draw,AWin,Pred_FTHG,Pred_FTAG,Pred_FTR,Max_Value,Max_Value_Result
E3,2026-02-21,15:00,Accrington,Shrewsbury,R Joyce,2.1,3.25,3.4,2.15,3.25,3.5,2.04,3.2,3.5,2.1,3.3,3.5,2.1,3.25,3.4,2.1,3.3,3.5,2.1,3.3,3.5,,,,2.15,3.3,3.6,2.11,3.19,3.48,2.2,3.2,3.65,2.15,1.67,,,2.16,1.67,2.1,1.65,2.16,1.81,-0.25,1.85,2.0,,,1.85,2.0,1.77,1.95,1.86,2.05,,,,,,,,,,,,,,,,,,,,,,,,,,,,,,,,,,,,,,,,,,,,,,,,,,,,,,,2.5185185185185186,0.6025133120340787,0.7904185044244071,0.14115474613837223,0.06813302710784197,2,0,H,0.3142280282339309,Home Win
E0,2026-02-22,14:00,Sunderland,Fulham,C Pawson,2.7,3.25,2.7,2.63,3.3,2.75,2.7,3.4,2.65,2.7,3.25,2.63,2.6,3.3,2.7,2.62,3.3,2.7,2.6,3.25,2.7,,,,2.7,3.4,2.75,2.65,3.27,2.67,2.8,3.35,2.84,2.2,1.67,,,2.2,1.71,2.12,1.68,2.26,1.75,0.0,1.93,1.93,,,1.93,1.95,1.88,1.89,1.98,2.0,,,,,,,,,,,,,,,,,,,,,,,,,,,,,,,,,,,,,,,,,,,,,,,,,,,,,,,1.9384615384615387,0.6451612903225807,0.681112453524373,0.2038827587289326,0.11496884476698119,1,0,H,0.31074208315400265,Home Win
SP2,2026-02-22,17:30,Santander,Burgos,,1.81,3.4,4.2,1.9,3.25,4.2,1.84,3.45,4.1,1.85,3.25,4.0,1.85,3.25,4.0,,,,,,,,,,1.91,3.45,4.5,1.84,3.31,4.13,1.96,3.3,4.6,2.15,1.67,,,2.2,1.67,2.14,1.64,2.22,1.76,-0.5,1.88,1.93,,,1.88,1.93,1.82,1.88,,,,,,,,,,,,,,,,,,,,,,,,,,,,,,,,,,,,,,,,,,,,,,,,,,,,,,,,,2.0833333333333335,1.2836676217765044,0.5579961524995656,0.21015247279383925,0.23178540262397518,2,1,H,0.2687222309108743,Away Win
B1,2026-02-21,15:00,Dender,St Truiden,,3.2,3.4,2.05,3.25,3.4,2.1,3.4,3.65,2.0,3.25,3.4,2.05,3.3,3.5,2.1,3.3,3.5,2.1,3.3,3.5,2.1,,,,3.4,3.65,2.1,3.28,3.48,2.06,3.7,3.6,2.14,1.8,2.0,,,1.83,2.02,1.76,1.96,1.74,2.02,0.25,2.0,1.8,,,2.02,1.85,1.97,1.77,2.12,1.85,,,,,,,,,,,,,,,,,,,,,,,,,,,,,,,,,,,,,,,,,,,,,,,,,,,,,,,0.5168195718654434,2.1111111111111116,0.07788333587933866,0.17531975310297115,0.7467246072970077,0,2,A,0.2589197292482272,Away Win
E1,2026-02-20,20:00,Blackburn,Preston,A Backhouse,1.96,3.4,3.9,2.0,3.25,4.0,2.02,3.4,4.0,2.0,3.3,3.9,2.0,3.3,3.8,2.05,3.3,3.8,2.0,3.25,3.8,,,,2.05,3.4,4.0,2.0,3.28,3.87,2.12,3.45,4.1,2.2,1.67,,,2.28,1.67,2.18,1.64,2.36,1.72,-0.5,2.03,1.83,,,2.03,1.83,1.97,1.78,2.12,1.87,,,,,,,,,,,,,,,,,,,,,,,,,,,,,,,,,,,,,,,,,,,,,,,,,,,,,,,0.8503937007874016,1.4612546125461254,0.2188618788938514,0.2662098147166151,0.5149250154846222,0,1,A,0.2585147590743658,Away Win
D1,2026-02-22,18:30,Heidenheim,Stuttgart,,4.5,4.0,1.7,4.33,4.2,1.7,4.7,4.2,1.67,4.2,3.9,1.65,4.2,4.1,1.72,,,,,,,,,,4.7,4.2,1.72,4.4,4.06,1.68,5.0,4.3,1.74,1.57,2.38,,,1.57,2.5,1.53,2.43,1.59,2.6,0.75,1.98,1.88,,,1.98,1.88,1.94,1.83,2.04,1.92,,,,,,,,,,,,,,,,,,,,,,,,,,,,,,,,,,,,,,,,,,,,,,,,,,,,,,,0.7727272727272726,3.272727272727272,0.05378119175649204,0.09898612585555444,0.8451637855026856,0,3,A,0.2569284913850385,Away Win
SP1,2026-02-21,13:00,Sociedad,Oviedo,,1.48,3.9,7.5,1.44,4.2,7.0,1.46,4.1,8.0,1.45,4.33,7.5,1.5,4.0,7.0,,,,,,,,,,1.5,4.33,8.0,1.46,4.06,7.52,1.53,4.3,8.4,1.95,1.9,,,2.0,1.9,1.91,1.84,2.0,1.94,-1.0,1.8,2.05,,,1.83,2.08,1.77,2.02,1.87,2.12,,,,,,,,,,,,,,,,,,,,,,,,,,,,,,,,,,,,,,,,,,,,,,,,,,,,,,,2.439393939393939,0.947735191637631,0.7014765773968654,0.17057815540098936,0.12771619019136332,2,0,H,0.25332293793028027,Home Win
D2,2026-02-22,12:30,Paderborn,Hertha,,2.25,3.5,3.0,2.2,3.4,3.0,2.02,3.65,3.25,2.15,3.5,2.9,2.2,3.7,3.0,2.15,3.4,2.8,2.15,3.4,2.8,,,,2.25,3.7,3.25,2.14,3.52,3.01,2.28,3.6,3.1,1.7,2.1,,,1.7,2.28,1.65,2.12,1.74,2.16,-0.25,1.93,1.88,,,1.93,1.98,1.81,1.9,1.97,1.86,,,,,,,,,,,,,,,,,,,,,,,,,,,,,,,,,,,,,,,,,,,,,,,,,,,,,,,1.1343283582089554,2.0357142857142856,0.20659992786313555,0.21162578148733655,0.58172018379811,1,2,A,0.24838685046477665,Away Win
E2,2026-02-21,12:30,Plymouth,Cardiff,D Drysdale,2.85,3.6,2.2,3.0,3.5,2.25,2.95,3.55,2.25,3.0,3.5,2.25,3.0,3.6,2.15,,,,,,,,,,3.05,3.75,2.25,2.94,3.57,2.22,3.05,3.75,2.28,1.75,2.05,,,1.75,2.08,1.72,2.02,1.79,2.1,0.25,1.88,1.98,,,1.9,1.98,1.82,1.89,1.9,1.98,,,,,,,,,,,,,,,,,,,,,,,,,,,,,,,,,,,,,,,,,,,,,,,,,,,,,,,0.6013124199743919,1.942857142857143,0.10572785054062908,0.20083455379712242,0.6934009744323929,0,1,A,0.23885551988693837,Away Win
D2,2026-02-21,12:00,Darmstadt,Fortuna Dusseldorf,,1.91,3.6,3.75,1.91,3.5,3.75,1.94,3.5,3.55,1.87,3.6,3.6,1.9,3.5,4.0,,,,,,,,,,1.95,3.6,4.25,1.91,3.43,3.81,1.98,3.65,4.4,1.7,2.1,,,1.73,2.17,1.69,2.06,1.78,2.16,-0.5,1.9,1.9,,,1.9,1.91,1.86,1.84,1.98,2.0,,,,,,,,,,,,,,,,,,,,,,,,,,,,,,,,,,,,,,,,,,,,,,,,,,,,,,,2.1492537313432836,0.5142857142857143,0.753950182046804,0.17083674640486635,0.07512948304179098,2,0,H,0.2303899726227202,Home Win
SP2,2026-02-23,19:30,Cadiz,Sociedad B,,2.01,3.25,3.6,2.0,3.2,3.75,1.8,3.45,4.1,2.0,3.2,3.6,2.0,3.25,3.4,,,,,,,,,,2.05,3.45,4.1,1.98,3.25,3.67,1.31,1.28,1.09,2.15,1.67,,,2.15,1.73,2.07,1.68,,,-0.5,2.08,1.73,,,2.08,1.8,1.98,1.74,,,,,,,,,,,,,,,,,,,,,,,,,,,,,,,,,,,,,,,,,,,,,,,,,,,,,,,,,1.5726495726495724,1.1902137976636542,0.46197751416317684,0.2494673515849462,0.28854843825852333,1,1,D,0.2266593495360532,Away Win
EC,2026-02-21,15:00,Morecambe,Eastleigh,C Hicks,2.3,3.5,2.75,2.25,3.25,2.8,2.1,3.4,2.95,2.25,3.4,2.8,2.25,3.3,2.7,,,,,,,,,,2.37,3.5,2.95,2.26,3.35,2.8,2.16,3.0,2.62,1.75,2.05,,,1.75,2.05,1.7,2.02,1.64,1.92,-0.25,2.03,1.78,,,2.03,1.78,1.97,1.74,1.9,1.67,,,,,,,,,,,,,,,,,,,,,,,,,,,,,,,,,,,,,,,,,,,,,,,,,,,,,,,1.2516688918558077,2.164685908319185,0.2143848236807655,0.20361728713073557,0.5819084905715309,1,2,A,0.2182721269351673,Away Win
E0,2026-02-21,17:30,West Ham,Bournemouth,S Barrott,2.5,3.7,2.63,2.38,3.75,2.75,2.45,3.65,2.75,2.4,3.6,2.75,2.4,3.7,2.7,2.4,3.7,2.7,2.37,3.7,2.7,,,,2.5,3.75,2.8,2.41,3.65,2.71,2.56,3.8,2.84,1.57,2.38,,,1.58,2.43,1.54,2.38,1.6,2.58,0.0,1.85,2.0,,,1.85,2.0,1.77,1.98,1.94,2.04,,,,,,,,,,,,,,,,,,,,,,,,,,,,,,,,,,,,,,,,,,,,,,,,,,,,,,,2.026923076923077,3.081885856079405,0.2415355263661171,0.16442667726190344,0.5926434947774121,2,3,A,0.21241535789528276,Away Win
SC0,2026-02-22,15:00,Livingston,Rangers,R Lee,8.0,5.0,1.35,8.5,5.0,1.33,8.0,4.9,1.36,7.5,4.75,1.33,7.25,5.0,1.38,,,,,,,,,,9.0,5.0,1.38,7.98,4.79,1.35,9.8,5.2,1.37,1.62,2.3,,,1.62,2.3,1.59,2.26,1.6,2.36,1.5,1.78,2.03,,,1.83,2.03,1.77,1.97,1.69,1.91,,,,,,,,,,,,,,,,,,,,,,,,,,,,,,,,,,,,,,,,,,,,,,,,,,,,,,,0.6477732793522267,2.805878984539034,0.05996675260370418,0.12116325029200295,0.818199418316714,0,2,A,0.1995120718950258,Away Win
E2,2026-02-21,15:00,Port Vale,Reading,C Brook,2.82,3.3,2.32,3.0,3.3,2.4,2.8,3.35,2.43,2.9,3.3,2.4,2.8,3.4,2.37,2.87,3.4,2.4,2.87,3.4,2.4,,,,3.0,3.5,2.43,2.84,3.34,2.39,2.94,3.45,2.6,2.05,1.8,,,2.05,1.8,1.96,1.76,2.04,1.86,0.25,1.78,2.1,,,1.78,2.1,1.71,2.03,1.78,2.23,,,,,,,,,,,,,,,,,,,,,,,,,,,,,,,,,,,,,,,,,,,,,,,,,,,,,,,0.9297603804646061,2.0214965986394566,0.16538128099431987,0.20755142692507655,0.6270164743263843,0,2,A,0.19598199156776358,Away Win
B1,2026-02-22,17:30,Waregem,Anderlecht,,3.0,3.3,2.15,3.2,3.3,2.15,3.0,3.5,2.25,3.13,3.4,2.1,3.25,3.5,2.15,,,,,,,,,,3.3,3.5,2.25,3.12,3.37,2.16,3.15,3.45,2.28,1.85,1.95,,,1.85,1.95,1.83,1.87,1.9,2.0,0.25,1.88,1.93,,,1.95,1.93,1.87,1.87,,,,,,,,,,,,,,,,,,,,,,,,,,,,,,,,,,,,,,,,,,,,,,,,,,,,,,,,,1.5902140672782876,0.9333333333333333,0.5273623330140893,0.2513217226020037,0.22130910852676755,1,0,H,0.194028999680756,Home Win
N1,2026-02-22,11:15,Twente,Groningen,,1.53,4.2,6.0,1.53,4.0,5.5,1.53,4.0,6.0,1.53,4.2,5.75,1.57,4.33,5.5,1.57,4.33,5.5,1.55,4.33,5.25,,,,1.57,4.4,6.0,1.53,4.16,5.65,1.55,4.3,6.6,1.67,2.15,,,1.67,2.15,1.65,2.12,1.67,2.24,-1.0,1.9,1.9,,,1.93,1.9,1.88,1.87,1.88,1.91,,,,,,,,,,,,,,,,,,,,,,,,,,,,,,,,,,,,,,,,,,,,,,,,,,,,,,,1.5454545454545454,0.8,0.5499362974199082,0.2563009900487912,0.1937573960594784,1,0,H,0.18710199612340278,Away Win
SC3,2026-02-21,15:00,Clyde,Edinburgh City,A Hendry,1.65,3.6,4.33,1.62,3.75,4.33,,,,1.65,3.75,4.4,1.62,3.7,4.2,,,,,,,,,,1.67,3.8,4.5,1.64,3.68,4.31,1.62,3.6,4.4,1.7,2.1,,,1.7,2.1,1.66,2.05,1.71,2.02,-0.75,1.85,1.95,,,1.85,1.95,1.79,1.86,1.83,1.93,,,,,,,,,,,,,,,,,,,,,,,,,,,,,,,,,,,,,,,,,,,,,,,,,,,,,,,0.9145728643216082,0.9565217391304348,0.3281546735856571,0.32111658572113344,0.35072861712159664,0,0,D,0.18220711928236155,Home Win
SC2,2026-02-21,15:00,Inverness C,Stenhousemuir,G Grainger,1.48,3.7,5.75,1.5,3.6,6.5,,,,1.5,3.8,6.0,1.49,3.8,5.25,,,,,,,,,,1.55,3.8,6.5,1.5,3.7,5.78,1.53,3.85,7.2,2.0,1.8,,,2.05,1.8,1.97,1.72,2.02,1.78,-1.0,1.9,1.9,,,1.9,1.9,1.84,1.81,1.85,1.79,,,,,,,,,,,,,,,,,,,,,,,,,,,,,,,,,,,,,,,,,,,,,,,,,,,,,,,1.3650947982498784,0.4538181818181818,0.5980153982263912,0.2793633655271838,0.12261943373071094,1,0,H,0.17873008374650706,Away Win
E1,2026-02-21,15:00,Watford,Derby,D Webb,2.1,3.3,3.4,2.2,3.2,3.4,2.14,3.4,3.55,2.15,3.3,3.4,2.2,3.3,3.25,2.2,3.3,3.25,2.2,3.3,3.25,,,,2.22,3.4,3.55,2.16,3.29,3.35,2.3,3.4,3.55,2.2,1.67,,,2.2,1.74,2.1,1.68,2.24,1.75,-0.25,1.88,1.98,,,1.9,1.98,1.82,1.94,1.96,2.01,,,,,,,,,,,,,,,,,,,,,,,,,,,,,,,,,,,,,,,,,,,,,,,,,,,,,,,1.209448818897638,1.6309963099630997,0.2834253861837805,0.24452498630209824,0.47204059381794533,1,1,D,0.1779229467591218,Away Win
EC,2026-02-21,15:00,Boston Utd,Tamworth,C Walchester,2.0,3.4,3.4,2.0,3.25,3.3,2.06,3.35,3.05,2.05,3.3,3.3,1.95,3.25,3.25,,,,,,,,,,2.08,3.4,3.4,2.03,3.33,3.27,2.14,3.5,3.4,1.9,1.9,,,1.9,1.96,1.82,1.87,1.92,1.91,-0.5,2.03,1.78,,,2.03,1.78,1.99,1.72,2.14,1.76,,,,,,,,,,,,,,,,,,,,,,,,,,,,,,,,,,,,,,,,,,,,,,,,,,,,,,,1.4043724966622162,1.803904923599321,0.3006704011221398,0.22916601526216168,0.470141529304087,1,1,D,0.17602388224526344,Away Win
I2,2026-02-21,14:00,Palermo,Sudtirol,,1.68,3.6,4.75,1.73,3.4,4.6,1.7,3.5,4.7,1.7,3.5,4.6,1.73,3.6,4.6,1.7,3.4,4.33,1.7,3.4,4.33,,,,1.8,3.6,5.0,1.72,3.49,4.6,1.74,3.7,5.5,2.05,1.75,,,2.1,1.79,1.98,1.74,2.1,1.81,-0.75,1.95,1.85,,,1.95,1.85,1.89,1.82,1.98,1.93,,,,,,,,,,,,,,,,,,,,,,,,,,,,,,,,,,,,,,,,,,,,,,,,,,,,,,,1.3333333333333335,0.4583495730432625,0.5877022075227456,0.2852038330861774,0.12709249369453957,1,0,H,0.17070905353805577,Home Win
EC,2026-02-21,15:00,Aldershot,Scunthorpe,G Laflin,2.7,3.6,2.25,2.75,3.4,2.25,2.8,3.55,2.1,2.7,3.6,2.25,2.7,3.4,2.15,,,,,,,,,,2.8,3.6,2.36,2.71,3.51,2.24,2.7,3.7,2.32,1.6,2.3,,,1.6,2.35,1.55,2.28,1.49,2.22,0.25,1.78,2.03,,,1.78,2.03,1.73,1.98,1.76,2.03,,,,,,,,,,,,,,,,,,,,,,,,,,,,,,,,,,,,,,,,,,,,,,,,,,,,,,,1.9697692160976539,3.1387945670628192,0.22562816675257344,0.1607365789268849,0.6120612481426734,1,3,A,0.16761680369822896,Away Win
N1,2026-02-21,19:00,NAC Breda,Volendam,,1.57,4.0,6.0,1.53,4.0,5.5,1.52,4.1,6.0,1.53,4.1,5.75,1.57,4.33,5.25,1.57,4.33,5.25,1.57,4.33,5.25,,,,1.57,4.33,6.0,1.54,4.12,5.57,1.59,4.3,6.4,1.7,2.1,,,1.7,2.1,1.68,2.08,1.78,2.16,-1.0,1.95,1.85,,,1.95,1.88,1.9,1.84,1.98,1.92,,,,,,,,,,,,,,,,,,,,,,,,,,,,,,,,,,,,,,,,,,,,,,,,,,,,,,,1.4907407407407407,0.6461538461538461,0.5769609592002996,0.26219372441027816,0.16084143081449537,1,0,H,0.16627280479676743,Home Win
P1,2026-02-21,15:30,Arouca,Nacional,,2.25,3.4,3.0,2.38,3.2,2.88,2.28,3.35,3.0,2.25,3.25,2.9,2.3,3.3,2.9,2.37,3.4,2.9,2.37,3.4,2.9,,,,2.38,3.4,3.0,2.3,3.29,2.94,2.42,3.45,3.25,1.95,1.9,,,1.95,1.9,1.86,1.84,1.96,1.92,-0.25,2.03,1.83,,,2.03,1.83,1.94,1.78,2.07,1.88,,,,,,,,,,,,,,,,,,,,,,,,,,,,,,,,,,,,,,,,,,,,,,,,,,,,,,,0.9972147390530113,1.6254416961130742,0.23204065622762116,0.2475157315209804,0.5204353294567361,0,1,A,0.1593985330962654,Home Win
I2,2026-02-22,14:00,Juve Stabia,Modena,,3.2,3.0,2.35,3.1,3.0,2.38,3.1,3.05,2.28,3.1,3.0,2.3,3.1,3.1,2.35,,,,,,,,,,3.2,3.1,2.42,3.1,3.0,2.35,3.1,2.8,2.22,2.4,1.53,,,2.4,1.57,2.33,1.54,2.3,1.47,0.25,1.78,2.03,,,1.8,2.03,1.76,1.96,1.85,1.91,,,,,,,,,,,,,,,,,,,,,,,,,,,,,,,,,,,,,,,,,,,,,,,,,,,,,,,0.6419753086419753,0.782435129740519,0.2692723515337893,0.3775838303325873,0.3531438046416106,0,0,D,0.158861563469487,Home Win
F1,2026-02-22,16:15,Angers,Lille,,4.2,3.5,1.85,4.2,3.4,1.9,4.2,3.45,1.92,3.9,3.3,1.87,4.1,3.5,1.9,,,,,,,,,,4.33,3.6,1.92,4.12,3.44,1.87,4.5,3.75,1.91,2.0,1.8,,,2.1,1.8,2.01,1.75,2.1,1.83,0.5,1.98,1.88,,,1.98,1.88,1.89,1.83,2.07,1.91,,,,,,,,,,,,,,,,,,,,,,,,,,,,,,,,,,,,,,,,,,,,,,,,,,,,,,,1.5133998949027854,1.4265734265734265,0.39647371056855096,0.24556733449637272,0.35795188025832236,1,1,D,0.15837847247331288,Home Win
E3,2026-02-21,15:00,Harrogate,Bromley,S Oldham,5.0,3.75,1.62,5.0,3.6,1.7,5.1,3.75,1.6,5.0,3.75,1.67,4.8,3.6,1.7,5.0,3.7,1.73,4.8,3.7,1.7,,,,5.1,3.75,1.73,4.96,3.69,1.66,5.4,3.7,1.66,2.03,1.83,,,2.03,1.88,1.92,1.8,2.0,1.81,0.75,1.95,1.9,,,1.96,1.9,1.91,1.8,1.95,1.86,,,,,,,,,,,,,,,,,,,,,,,,,,,,,,,,,,,,,,,,,,,,,,,,,,,,,,,0.5729166666666667,2.362619808306709,0.07225341635123197,0.1532889754998757,0.7742795186469373,0,2,A,0.15699556802965342,Away Win
I1,2026-02-21,19:45,Cagliari,Lazio,,3.4,3.0,2.35,3.3,3.1,2.3,3.35,3.15,2.3,3.4,3.0,2.3,3.2,3.1,2.35,3.2,3.1,2.37,3.2,3.1,2.37,,,,3.4,3.2,2.37,3.3,3.05,2.3,3.65,3.15,2.42,2.38,1.57,,,2.4,1.6,2.33,1.56,2.5,1.63,0.25,1.88,1.98,,,1.88,1.98,1.85,1.93,1.94,2.03,,,,,,,,,,,,,,,,,,,,,,,,,,,,,,,,,,,,,,,,,,,,,,,,,,,,,,,0.7558139534883721,0.6770833333333333,0.33483864738334473,0.3772683532242627,0.28789298792202483,0,0,D,0.15344886067521668,Home Win
D1,2026-02-21,17:30,RB Leipzig,Dortmund,,2.15,3.8,3.1,2.2,4.0,2.8,2.16,3.95,2.95,2.1,3.75,2.8,2.1,4.0,3.0,2.15,4.0,3.0,2.1,3.9,3.0,,,,2.2,4.0,3.1,2.14,3.88,2.92,2.26,4.0,3.2,1.44,2.75,,,1.46,2.8,1.43,2.69,1.48,3.0,-0.25,1.9,1.95,,,1.91,1.95,1.89,1.89,1.97,2.0,,,,,,,,,,,,,,,,,,,,,,,,,,,,,,,,,,,,,,,,,,,,,,,,,,,,,,,1.3636363636363638,1.789772727272727,0.29364519716354204,0.23068182357004913,0.47565271095152445,1,1,D,0.15307206579023414,Away Win
E2,2026-02-21,15:00,Northampton,Leyton Orient,E Duckworth,3.0,3.25,2.3,3.0,3.2,2.4,3.0,3.25,2.33,3.0,3.2,2.38,2.9,3.3,2.35,3.0,3.4,2.37,2.9,3.3,2.37,,,,3.0,3.4,2.4,2.95,3.24,2.35,3.05,3.5,2.52,2.1,1.7,,,2.15,1.79,2.04,1.71,2.18,1.7,0.25,1.8,2.05,,,1.8,2.05,1.75,1.96,1.82,2.16,,,,,,,,,,,,,,,,,,,,,,,,,,,,,,,,,,,,,,,,,,,,,,,,,,,,,,,1.5788305591122493,1.1009523809523811,0.48405534638087594,0.2507526845662837,0.2651853314223646,1,1,D,0.15072201304754262,Home Win
N1,2026-02-22,15:45,AZ Alkmaar,Sparta Rotterdam,,2.0,3.6,3.7,1.95,3.6,3.4,1.97,3.6,3.5,1.95,3.8,3.4,2.05,3.6,3.4,,,,,,,,,,2.05,3.8,3.7,1.96,3.65,3.46,2.04,3.8,3.65,1.62,2.25,,,1.62,2.3,1.58,2.25,1.67,2.32,-0.5,1.98,1.83,,,1.98,2.14,1.87,1.86,,,,,,,,,,,,,,,,,,,,,,,,,,,,,,,,,,,,,,,,,,,,,,,,,,,,,,,,,2.0,1.79020979020979,0.43530351590504923,0.2121459308060605,0.3524855354134626,1,1,D,0.14847307667556975,Home Win
F2,2026-02-20,19:00,Nancy,Grenoble,,1.95,3.0,3.5,2.05,3.2,3.6,2.08,3.2,3.4,2.0,3.3,3.75,2.05,3.25,3.6,2.0,3.1,3.4,2.0,3.1,3.4,,,,2.08,3.3,3.9,2.02,3.17,3.6,2.06,3.45,4.2,2.1,1.7,,,2.1,1.7,2.08,1.66,2.2,1.75,-0.5,2.0,1.8,,,2.02,1.83,1.98,1.73,2.06,1.9,,,,,,,,,,,,,,,,,,,,,,,,,,,,,,,,,,,,,,,,,,,,,,,,,,,,,,,1.0710743801652893,1.3322005097706036,0.3001656484445203,0.27345308287915404,0.4263796063172811,1,1,D,0.14066532060299541,Away Win
E0,2026-02-21,15:00,Aston Villa,Leeds,M Oliver,1.85,3.6,4.33,1.9,3.75,4.0,1.8,3.8,4.5,1.83,3.7,4.2,1.87,3.6,4.0,,,,,,,,,,1.9,3.8,4.5,1.84,3.62,4.24,1.89,3.8,4.7,1.83,2.03,,,1.86,2.03,1.81,1.95,1.88,2.08,-0.5,1.85,2.0,,,1.85,2.0,1.8,1.94,1.89,2.11,,,,,,,,,,,,,,,,,,,,,,,,,,,,,,,,,,,,,,,,,,,,,,,,,,,,,,,1.973076923076923,0.6947890818858561,0.6753896245856916,0.20256096631084605,0.12200781202638758,1,0,H,0.13484908404515117,Home Win
E3,2026-02-21,15:00,Bristol Rvs,Grimsby,O Yates,3.1,3.3,2.2,3.2,3.3,2.25,2.8,3.3,2.32,3.13,3.4,2.2,3.0,3.4,2.25,3.0,3.5,2.25,3.0,3.4,2.25,,,,3.2,3.5,2.32,3.03,3.36,2.23,3.1,3.4,2.36,1.9,1.9,,,1.91,1.93,1.85,1.86,1.78,1.81,0.25,1.9,1.95,,,1.9,1.97,1.8,1.92,1.88,2.03,,,,,,,,,,,,,,,,,,,,,,,,,,,,,,,,,,,,,,,,,,,,,,,,,,,,,,,0.9895833333333334,1.9009584664536736,0.19245751569709804,0.22075275937435682,0.5867590527565237,0,1,A,0.1322135982110692,Away Win
I2,2026-02-22,16:15,Reggiana,Avellino,,2.7,2.75,2.85,2.63,3.0,2.75,2.43,2.8,3.05,2.55,3.0,2.7,2.6,3.0,2.8,,,,,,,,,,2.9,3.0,3.05,2.63,2.84,2.84,2.64,2.96,2.8,2.3,1.6,,,2.35,1.62,2.27,1.56,2.12,1.56,0.0,1.83,1.98,,,1.83,1.98,1.81,1.91,,,,,,,,,,,,,,,,,,,,,,,,,,,,,,,,,,,,,,,,,,,,,,,,,,,,,,,,,1.4293981481481481,1.0758483033932136,0.45142334789924893,0.2645954476127375,0.2839782926063021,1,1,D,0.13111409437267907,Home Win
SC1,2026-02-21,15:00,Ayr,Ross County,C Graham,1.9,3.25,3.6,1.9,3.3,3.6,1.93,3.4,3.65,1.9,3.4,3.6,1.88,3.3,3.4,,,,,,,,,,2.0,3.4,3.85,1.91,3.31,3.62,1.98,3.25,3.5,2.0,1.8,,,2.0,1.85,1.91,1.8,1.88,1.67,-0.5,1.95,1.85,,,1.95,1.85,1.89,1.8,1.98,1.83,,,,,,,,,,,,,,,,,,,,,,,,,,,,,,,,,,,,,,,,,,,,,,,,,,,,,,,1.5809857030825845,0.8896734333627536,0.5359764499083358,0.25237491722397065,0.21164214812771037,1,0,H,0.12948516007702104,Home Win
D2,2026-02-20,17:30,Bochum,Nurnberg,,2.1,3.5,3.3,2.05,3.4,3.4,2.02,3.55,3.35,2.15,3.5,3.1,2.1,3.5,3.3,2.0,3.3,3.1,2.0,3.3,3.1,,,,2.15,3.55,3.4,2.06,3.45,3.25,2.2,3.65,3.55,1.7,2.1,,,1.75,2.1,1.7,2.03,1.79,2.2,-0.25,1.8,2.0,,,1.85,2.0,1.77,1.94,1.9,2.07,,,,,,,,,,,,,,,,,,,,,,,,,,,,,,,,,,,,,,,,,,,,,,,,,,,,,,,1.725373134328358,0.7714285714285715,0.6015091652391462,0.23429165235605603,0.16418559956175893,1,0,H,0.12531868904867005,Home Win
SP2,2026-02-22,20:00,Malaga,Albacete,,1.91,3.4,3.9,2.0,3.3,3.6,1.88,3.5,3.7,1.95,3.3,3.6,1.9,3.2,3.8,,,,,,,,,,2.0,3.5,4.2,1.93,3.29,3.76,2.04,3.35,4.0,1.95,1.85,,,1.95,1.87,1.91,1.81,2.04,1.84,-0.5,1.98,1.83,,,2.0,1.83,1.91,1.8,,,,,,,,,,,,,,,,,,,,,,,,,,,,,,,,,,,,,,,,,,,,,,,,,,,,,,,,,1.8888888888888888,1.169054441260745,0.5417374985121797,0.2241866398970272,0.23404640968281692,1,1,D,0.1236612661314962,Away Win
F1,2026-02-21,16:00,Lens,Monaco,,1.65,4.33,4.75,1.67,4.2,4.6,1.67,4.25,4.6,1.6,4.1,4.5,1.66,4.2,4.6,1.67,4.2,4.6,1.65,4.2,4.6,,,,1.67,4.33,5.0,1.63,4.21,4.63,1.68,4.6,5.0,1.5,2.63,,,1.5,2.7,1.46,2.59,1.53,2.78,-0.75,1.8,2.05,,,1.82,2.05,1.78,1.99,1.83,2.16,,,,,,,,,,,,,,,,,,,,,,,,,,,,,,,,,,,,,,,,,,,,,,,,,,,,,,,1.8208092485549134,0.3846153846153846,0.7273280624533476,0.20199131851820745,0.0706592705567135,1,0,H,0.1212674563927415,Home Win
SC1,2026-02-21,15:00,Partick,Airdrie Utd,E Anderson,1.55,3.5,5.25,1.53,3.75,5.5,1.5,3.95,6.0,1.57,3.75,5.25,1.55,3.8,4.8,,,,,,,,,,1.62,3.95,6.0,1.55,3.76,5.3,1.61,3.4,5.7,1.9,1.9,,,1.9,1.91,1.84,1.86,1.8,1.8,-1.0,2.03,1.78,,,2.05,1.87,1.95,1.77,1.95,1.63,,,,,,,,,,,,,,,,,,,,,,,,,,,,,,,,,,,,,,,,,,,,,,,,,,,,,,,1.818734793187348,0.7713052858683926,0.6228982402747827,0.223442532976221,0.15363807084223888,1,0,H,0.11978173490450658,Away Win
I1,2026-02-22,19:45,Roma,Cremonese,,1.36,4.5,10.0,1.36,4.6,9.5,1.35,4.8,9.5,1.33,4.6,9.5,1.39,4.6,8.5,,,,,,,,,,1.39,4.8,10.0,1.35,4.62,9.29,1.37,5.2,10.5,1.98,1.88,,,1.98,1.91,1.91,1.84,2.0,1.96,-1.25,1.85,2.0,,,1.85,2.0,1.82,1.94,1.89,2.06,,,,,,,,,,,,,,,,,,,,,,,,,,,,,,,,,,,,,,,,,,,,,,,,,,,,,,,1.4883720930232556,0.3125,0.6736285980243784,0.2513783729149066,0.0749891985606389,1,0,H,0.11962020363341841,Home Win
EC,2026-02-21,15:00,Altrincham,Braintree Town,N Smith,1.8,3.5,4.1,1.73,3.5,4.0,1.85,3.5,3.55,1.8,3.5,4.0,1.77,3.5,3.75,,,,,,,,,,1.85,3.6,4.2,1.8,3.51,3.92,1.82,3.35,4.1,1.8,2.0,,,1.8,2.02,1.74,1.97,1.79,2.0,-0.5,1.8,2.0,,,1.8,2.0,1.76,1.92,1.82,1.96,,,,,,,,,,,,,,,,,,,,,,,,,,,,,,,,,,,,,,,,,,,,,,,,,,,,,,,2.050734312416555,0.7640067911714772,0.6735159234074382,0.1976441017423117,0.1287828769250338,2,0,H,0.11796036785188257,Home Win
SP1,2026-02-21,20:00,Ath Madrid,Espanol,,1.5,4.1,7.0,1.5,4.33,6.5,1.44,4.4,7.5,1.5,4.2,7.0,1.49,4.4,6.5,1.48,4.4,6.5,1.48,4.4,6.5,,,,1.5,4.4,7.5,1.47,4.25,6.87,1.52,4.6,7.8,1.91,1.91,,,1.91,2.0,1.83,1.91,1.96,2.0,-1.0,1.85,2.0,,,1.85,2.08,1.77,2.01,1.86,2.08,,,,,,,,,,,,,,,,,,,,,,,,,,,,,,,,,,,,,,,,,,,,,,,,,,,,,,,1.9696969696969695,0.7247386759581883,0.6670878203834794,0.2044586840146014,0.12841248001819536,1,0,H,0.11724955887510186,Away Win
E2,2026-02-21,15:00,Stockport,Wigan,M Corlett,1.57,3.7,5.5,1.62,3.75,5.5,1.66,3.85,5.0,1.62,3.8,5.5,1.62,3.8,5.25,1.65,3.9,5.25,1.61,3.9,5.25,,,,1.66,4.0,5.5,1.63,3.79,5.21,1.69,3.7,5.6,2.05,1.8,,,2.05,1.87,1.93,1.79,2.0,1.79,-0.75,1.83,2.03,,,1.83,2.03,1.78,1.94,1.87,2.02,,,,,,,,,,,,,,,,,,,,,,,,,,,,,,,,,,,,,,,,,,,,,,,,,,,,,,,1.6835387323943662,1.2977678571428575,0.4650785406207294,0.23898121167148478,0.29592806885636724,1,1,D,0.11410988703818542,Away Win
F2,2026-02-20,19:00,Annecy,Red Star,,2.3,2.9,3.1,2.4,2.88,3.1,2.48,3.0,2.85,2.4,3.0,3.13,2.4,3.0,3.0,2.3,2.9,2.9,2.3,2.9,2.9,,,,2.48,3.0,3.25,2.38,2.96,3.04,2.46,3.1,3.6,2.5,1.5,,,2.55,1.52,2.45,1.49,2.58,1.54,-0.25,1.98,1.83,,,2.05,1.83,2.01,1.72,2.07,1.92,,,,,,,,,,,,,,,,,,,,,,,,,,,,,,,,,,,,,,,,,,,,,,,,,,,,,,,0.740495867768595,1.0875106202209006,0.2469815589334936,0.31868404666808914,0.43433414915125046,0,1,A,0.11175350398996015,Away Win
F2,2026-02-20,19:00,Dunkerque,Bastia,,2.0,3.0,3.6,2.05,3.0,3.75,1.91,3.15,4.0,2.0,3.25,3.8,2.1,3.1,3.7,2.0,3.0,3.5,2.0,3.0,3.5,,,,2.1,3.25,4.33,2.01,3.04,3.84,2.18,3.25,4.2,2.5,1.5,,,2.55,1.6,2.38,1.52,2.68,1.56,-0.5,2.08,1.73,,,2.08,1.83,1.96,1.75,2.18,1.83,,,,,,,,,,,,,,,,,,,,,,,,,,,,,,,,,,,,,,,,,,,,,,,,,,,,,,,1.2727272727272727,0.32398753894081,0.6112279821150295,0.2951016291330248,0.09366941676490037,1,0,H,0.11122798211502949,Home Win
SC2,2026-02-21,15:00,Alloa,Hamilton,P Stuart,1.91,3.2,3.6,1.95,3.1,3.6,,,,1.95,3.2,3.7,1.93,3.2,3.4,,,,,,,,,,2.0,3.3,3.7,1.94,3.19,3.52,2.04,3.05,3.55,2.05,1.75,,,2.1,1.75,2.0,1.69,2.04,1.76,-0.5,1.98,1.83,,,1.98,1.83,1.92,1.74,2.04,1.76,,,,,,,,,,,,,,,,,,,,,,,,,,,,,,,,,,,,,,,,,,,,,,,,,,,,,,,1.5,1.04,0.4783493978670239,0.2590610017727335,0.2625853437652368,1,1,D,0.1077260092038208,Away Win
D1,2026-02-21,14:30,Union Berlin,Leverkusen,,3.0,3.3,2.38,2.8,3.5,2.38,2.95,3.45,2.35,2.88,3.25,2.25,2.8,3.4,2.45,2.8,3.4,2.45,2.8,3.4,2.45,,,,3.0,3.5,2.45,2.89,3.35,2.36,3.15,3.5,2.48,1.95,1.9,,,1.95,1.91,1.88,1.87,2.0,1.96,0.25,1.83,2.03,,,1.83,2.15,1.77,2.01,1.87,2.12,,,,,,,,,,,,,,,,,,,,,,,,,,,,,,,,,,,,,,,,,,,,,,,,,,,,,,,1.36,2.01875,0.25718166613748705,0.21528378728558906,0.5274826044280136,1,2,A,0.10731453720112288,Away Win
I1,2026-02-21,17:00,Lecce,Inter,,7.0,4.33,1.48,8.0,4.2,1.44,9.0,4.3,1.41,8.5,4.33,1.4,7.25,4.33,1.46,7.5,4.33,1.44,7.0,4.33,1.44,,,,9.2,4.33,1.48,8.06,4.22,1.42,9.2,4.5,1.47,2.1,1.73,,,2.1,1.8,2.03,1.73,2.12,1.82,1.25,1.73,2.08,,,1.83,2.08,1.78,2.0,1.78,2.23,,,,,,,,,,,,,,,,,,,,,,,,,,,,,,,,,,,,,,,,,,,,,,,,,,,,,,,0.4186046511627906,2.0,0.06691670413369796,0.18072925578105747,0.752307541979092,0,1,A,0.10655331202928425,Away Win
SP2,2026-02-22,15:15,Andorra,Zaragoza,,1.86,3.5,3.9,1.91,3.4,3.75,1.96,3.35,3.6,1.85,3.4,3.8,1.93,3.25,3.7,,,,,,,,,,1.96,3.75,4.1,1.89,3.43,3.76,1.91,3.55,4.2,1.98,1.83,,,2.0,1.83,1.92,1.79,1.01,1.02,-0.5,1.88,1.93,,,1.91,1.93,1.85,1.85,,,,,,,,,,,,,,,,,,,,,,,,,,,,,,,,,,,,,,,,,,,,,,,,,,,,,,,,,1.0833333333333333,0.9627507163323784,0.3794958433243085,0.3035317912232359,0.31697205648387994,1,0,H,0.10539947171109731,Away Win
P1,2026-02-21,15:30,Alverca,Santa Clara,,2.82,2.75,2.7,2.88,2.88,2.63,2.9,2.9,2.6,2.75,2.88,2.6,2.9,2.95,2.55,3.0,3.0,2.6,2.9,3.0,2.6,,,,3.0,3.0,2.71,2.85,2.88,2.62,3.05,3.05,2.84,2.7,1.44,,,2.7,1.46,2.62,1.43,2.8,1.5,0.0,1.98,1.88,,,2.0,1.88,1.92,1.81,2.03,1.92,,,,,,,,,,,,,,,,,,,,,,,,,,,,,,,,,,,,,,,,,,,,,,,,,,,,,,,0.8437970868910095,0.7420494699646644,0.35194211088469407,0.3545144408420474,0.2935434176802937,0,0,D,0.10490860871345142,Home Win
E0,2026-02-22,14:00,Crystal Palace,Wolves,T Kirk,1.65,4.0,5.0,1.62,4.0,5.5,1.63,4.1,5.4,1.62,3.9,5.5,1.61,4.0,5.25,1.61,4.0,5.25,1.6,4.0,5.25,,,,1.65,4.2,5.5,1.62,3.99,5.26,1.69,4.1,5.7,1.91,1.91,,,1.95,1.91,1.89,1.86,2.04,1.93,-0.75,1.83,2.03,,,1.83,2.03,1.78,1.99,1.88,2.11,,,,,,,,,,,,,,,,,,,,,,,,,,,,,,,,,,,,,,,,,,,,,,,,,,,,,,,1.0,0.44665012406947896,0.4852265582620556,0.35281712597760423,0.16195620427680252,0,0,D,0.10281712597760423,Draw
SP1,2026-02-22,17:30,Celta,Mallorca,,1.83,3.5,4.5,1.8,3.5,4.5,1.81,3.45,4.8,1.8,3.3,4.2,1.83,3.4,4.5,,,,,,,,,,1.85,3.5,5.0,1.81,3.4,4.53,1.91,3.55,5.0,2.2,1.67,,,2.2,1.73,2.14,1.66,2.26,1.75,-0.5,1.83,2.03,,,1.85,2.03,1.77,1.96,1.91,2.07,,,,,,,,,,,,,,,,,,,,,,,,,,,,,,,,,,,,,,,,,,,,,,,,,,,,,,,1.8101851851851856,0.9581881533101047,0.573998955418191,0.22898994812961157,0.1969906935753307,1,0,H,0.10220756984870488,Away Win
D2,2026-02-22,12:30,Hannover,Dresden,,1.53,4.1,6.0,1.53,4.0,5.5,1.56,4.1,5.2,1.5,4.1,5.5,1.58,4.33,5.0,1.53,4.0,4.6,1.53,4.0,4.6,,,,1.58,4.33,6.0,1.53,4.13,5.3,1.54,4.8,5.9,1.62,2.25,,,1.62,2.25,1.6,2.19,1.7,2.3,-1.0,1.85,1.95,,,1.9,1.95,1.85,1.86,1.88,1.94,,,,,,,,,,,,,,,,,,,,,,,,,,,,,,,,,,,,,,,,,,,,,,,,,,,,,,,2.1313432835820896,1.4857142857142858,0.5243668990475739,0.2082871329116087,0.2672640803549291,2,1,H,0.10059741368826244,Away Win
T1,2026-02-20,17:00,Rizespor,Kocaelispor,,2.2,3.4,3.1,2.3,3.1,3.1,2.28,3.15,3.05,2.3,3.2,3.0,2.35,3.1,3.1,2.37,3.2,3.1,2.37,3.2,3.1,,,,2.37,3.4,3.25,2.28,3.16,3.08,2.38,3.35,3.45,2.1,1.7,,,2.1,1.7,2.09,1.66,2.2,1.79,-0.25,1.95,1.85,,,1.95,1.85,1.92,1.78,2.03,1.96,,,,,,,,,,,,,,,,,,,,,,,,,,,,,,,,,,,,,,,,,,,,,,,,,,,,,,,0.9210526315789472,0.9379310344827588,0.3342105944462134,0.32247145725485254,0.34331783363858975,0,0,D,0.10022427107361731,Away Win
SP1,2026-02-22,15:15,Barcelona,Levante,,1.11,11.0,15.0,1.11,9.5,17.0,1.1,10.5,21.0,1.08,9.0,17.0,1.11,10.5,15.0,,,,,,,,,,1.11,12.0,21.0,1.1,9.98,17.54,1.13,13.0,23.0,1.22,4.33,,,1.22,4.4,1.21,4.23,1.25,4.6,-2.5,1.78,2.03,,,1.8,2.05,1.78,1.95,1.86,2.11,,,,,,,,,,,,,,,,,,,,,,,,,,,,,,,,,,,,,,,,,,,,,,,,,,,,,,,3.090909090909091,0.5226480836236934,0.8708796007457464,0.09158537817769673,0.03616367921029688,3,0,H,0.09640104860599208,Home Win
E0,2026-02-21,15:00,Brentford,Brighton,J Gillett,2.0,3.7,3.5,2.05,3.75,3.4,2.05,3.75,3.5,2.0,3.7,3.5,2.0,3.5,3.6,,,,,,,,,,2.05,3.8,3.6,2.01,3.7,3.45,2.1,3.85,3.65,1.8,2.0,,,1.8,2.1,1.74,2.02,1.82,2.16,-0.5,2.03,1.83,,,2.03,1.83,1.96,1.78,2.1,1.89,,,,,,,,,,,,,,,,,,,,,,,,,,,,,,,,,,,,,,,,,,,,,,,,,,,,,,,1.8461538461538463,0.9032258064516129,0.5957037995626704,0.22425614187346762,0.18001605107579335,1,0,H,0.09570379956267039,Home Win
I1,2026-02-22,14:00,Atalanta,Napoli,,2.45,3.2,3.0,2.5,3.25,2.88,2.4,3.25,3.05,2.4,3.1,3.0,2.45,3.2,3.0,2.45,3.2,3.0,2.4,3.2,3.0,,,,2.5,3.25,3.05,2.42,3.16,2.98,2.62,3.25,3.1,2.1,1.73,,,2.12,1.75,2.07,1.71,2.2,1.8,-0.25,2.1,1.78,,,2.1,1.79,2.04,1.75,2.21,1.8,,,,,,,,,,,,,,,,,,,,,,,,,,,,,,,,,,,,,,,,,,,,,,,,,,,,,,,1.3357185450208708,0.8173076923076923,0.48900728224677703,0.28201066678268505,0.22898054463790685,1,0,H,0.0953949465718471,Home Win
SP2,2026-02-22,13:00,Sp Gijon,Valladolid,,1.86,3.3,4.2,1.9,3.2,4.2,1.88,3.25,4.0,1.83,3.2,4.2,1.88,3.25,3.9,1.85,3.2,3.75,1.85,3.2,3.75,,,,1.92,3.4,4.2,1.87,3.26,3.99,1.96,3.45,4.5,2.35,1.57,,,2.35,1.62,2.27,1.56,2.4,1.62,-0.5,1.9,1.9,,,1.9,1.9,1.84,1.85,1.96,1.98,,,,,,,,,,,,,,,,,,,,,,,,,,,,,,,,,,,,,,,,,,,,,,,,,,,,,,,1.7094017094017095,1.0315186246418337,0.5325660241051879,0.2393924816155995,0.2280288010475176,1,1,D,0.09003145915213356,Away Win
E3,2026-02-23,20:00,Walsall,Milton Keynes Dons,P Wright,2.85,3.2,2.25,2.88,3.2,2.5,2.7,3.15,2.48,2.88,3.13,2.3,2.85,3.25,2.4,,,,,,,,,,3.1,3.25,2.5,2.87,3.14,2.38,1.04,1.59,1.04,2.1,1.7,,,2.1,1.71,2.07,1.68,1.01,1.24,0.25,1.8,2.05,,,1.8,2.08,1.72,2.02,,,,,,,,,,,,,,,,,,,,,,,,,,,,,,,,,,,,,,,,,,,,,,,,,,,,,,,,,1.2,1.8538871139510116,0.24610975438737936,0.22711734075268342,0.526747514523346,1,1,D,0.08230307007890159,Away Win
N1,2026-02-20,19:00,For Sittard,Excelsior,,2.25,3.6,3.1,2.2,3.4,3.0,2.16,3.45,3.15,2.2,3.5,3.0,2.25,3.5,3.0,2.25,3.5,3.0,2.25,3.4,3.0,,,,2.25,3.6,3.15,2.21,3.46,3.04,2.34,3.7,3.2,1.75,2.05,,,1.77,2.05,1.75,1.98,1.81,2.2,-0.25,1.93,1.88,,,1.93,1.9,1.89,1.85,2.02,1.95,,,,,,,,,,,,,,,,,,,,,,,,,,,,,,,,,,,,,,,,,,,,,,,,,,,,,,,2.207070707070707,1.1412587412587412,0.6151534979825002,0.19772632723356215,0.18701628367997053,2,1,H,0.08221526514319238,Away Win
B1,2026-02-22,15:00,RAAL La Louviere,Mechelen,,2.2,3.2,3.0,2.25,3.2,3.1,2.3,3.2,3.15,2.2,3.25,3.0,2.25,3.4,3.1,,,,,,,,,,2.3,3.4,3.15,2.24,3.24,3.07,2.3,3.45,3.4,2.0,1.8,,,2.0,1.81,1.92,1.8,1.96,1.85,-0.25,1.98,1.83,,,1.98,1.85,1.92,1.81,,,,,,,,,,,,,,,,,,,,,,,,,,,,,,,,,,,,,,,,,,,,,,,,,,,,,,,,,0.48700305810397565,0.8,0.20624155102056063,0.39460701635203954,0.3991514181634622,0,0,D,0.08210701635203954,Draw
I2,2026-02-21,14:00,Padova,Bari,,2.25,3.0,3.4,2.3,3.0,3.2,2.32,3.05,3.05,2.25,3.0,3.13,2.3,3.1,3.1,2.25,3.0,2.9,2.25,3.0,2.9,,,,2.35,3.1,3.4,2.29,3.0,3.15,2.42,3.05,3.45,2.4,1.53,,,2.42,1.57,2.34,1.53,2.34,1.59,-0.25,1.98,1.83,,,2.0,1.83,1.94,1.78,2.03,1.88,,,,,,,,,,,,,,,,,,,,,,,,,,,,,,,,,,,,,,,,,,,,,,,,,,,,,,,1.5447530864197532,0.8383233532934131,0.5398393910162915,0.2564755700245262,0.20367973540815415,1,0,H,0.08105297752887858,Home Win
P1,2026-02-22,20:30,Porto,Rio Ave,,1.09,9.0,17.0,1.1,8.0,21.0,1.13,8.0,18.0,1.09,8.0,19.0,1.13,9.0,17.0,,,,,,,,,,1.13,9.5,26.0,1.11,8.15,19.15,1.11,11.5,28.0,1.48,2.6,,,1.48,2.63,1.45,2.59,1.43,2.84,-2.25,1.9,1.95,,,1.9,1.95,1.84,1.88,,,,,,,,,,,,,,,,,,,,,,,,,,,,,,,,,,,,,,,,,,,,,,,,,,,,,,,,,2.7724761426418882,0.254416961130742,0.8908511091453575,0.08917452778307476,0.019361603623784307,2,0,H,0.07745867757597324,Away Win
E1,2026-02-21,12:30,West Brom,Coventry,J Linington,3.5,3.5,2.01,3.5,3.4,2.1,3.55,3.55,2.08,3.4,3.5,2.1,3.4,3.5,2.1,,,,,,,,,,3.6,3.55,2.1,3.47,3.46,2.06,3.85,3.7,2.1,1.98,1.88,,,1.98,1.94,1.89,1.85,1.99,1.96,0.25,2.05,1.75,,,2.05,1.83,2.0,1.76,2.19,1.81,,,,,,,,,,,,,,,,,,,,,,,,,,,,,,,,,,,,,,,,,,,,,,,,,,,,,,,1.3606299212598427,2.243542435424354,0.2261353717646666,0.1998099646200213,0.5739348531164811,1,2,A,0.07642241530553573,Away Win
F2,2026-02-20,19:00,Rodez,Montpellier,,2.75,3.1,2.3,2.8,3.2,2.4,2.65,3.2,2.48,2.8,3.3,2.45,2.9,3.3,2.3,2.8,3.2,2.25,2.8,3.2,2.25,,,,2.9,3.33,2.5,2.77,3.21,2.4,3.05,3.4,2.52,1.98,1.83,,,1.98,1.83,1.92,1.8,2.02,1.86,0.0,2.08,1.73,,,2.08,1.83,1.99,1.74,2.16,1.78,,,,,,,,,,,,,,,,,,,,,,,,,,,,,,,,,,,,,,,,,,,,,,,,,,,,,,,0.7140495867768595,0.5981308411214954,0.3371090264065564,0.3970963388388842,0.265794628845316,0,0,D,0.07451569367759386,Draw
P1,2026-02-21,20:30,Sp Braga,Guimaraes,,1.53,3.75,6.0,1.57,3.75,5.5,1.58,3.9,5.6,1.53,3.8,5.5,1.58,4.0,5.25,1.6,4.0,5.5,1.6,4.0,5.5,,,,1.6,4.2,6.0,1.56,3.89,5.46,1.62,4.2,6.2,1.88,1.98,,,1.88,1.98,1.84,1.86,1.76,1.98,-1.0,2.03,1.83,,,2.03,1.83,1.96,1.76,2.08,1.82,,,,,,,,,,,,,,,,,,,,,,,,,,,,,,,,,,,,,,,,,,,,,,,,,,,,,,,2.333701657458564,0.4353356890459364,0.8020678479173998,0.14457713202860656,0.05319346069323311,2,0,H,0.0731940755963702,Draw
P1,2026-02-21,18:00,Moreirense,Sp Lisbon,,11.0,5.0,1.27,10.0,5.0,1.29,9.5,5.2,1.3,10.0,5.25,1.25,9.25,5.5,1.3,9.5,5.5,1.3,9.5,5.5,1.3,,,,11.0,5.8,1.3,9.63,5.21,1.28,12.0,6.2,1.28,1.67,2.15,,,1.67,2.25,1.62,2.16,1.68,2.22,1.5,1.98,1.88,,,1.98,1.88,1.88,1.82,1.99,1.89,,,,,,,,,,,,,,,,,,,,,,,,,,,,,,,,,,,,,,,,,,,,,,,,,,,,,,,0.7232546459065797,2.1130742049469964,0.11540434734511468,0.18890698471095907,0.6956158114295956,0,2,A,0.07268981784164141,Home Win
F1,2026-02-21,20:05,Paris SG,Metz,,1.14,9.0,13.0,1.13,8.5,17.0,1.11,10.0,19.0,1.11,8.0,15.0,1.14,9.25,12.0,1.15,9.5,12.0,1.15,9.0,12.0,,,,1.15,10.0,19.0,1.13,8.92,15.03,1.14,12.0,21.0,1.25,4.0,,,1.26,4.0,1.24,3.76,1.27,4.2,-2.5,2.0,1.8,,,2.0,1.83,1.95,1.77,2.04,1.91,,,,,,,,,,,,,,,,,,,,,,,,,,,,,,,,,,,,,,,,,,,,,,,,,,,,,,,4.838150289017342,0.36923076923076925,0.9478889180920252,0.0205982742870545,0.0051817117796280725,4,0,H,0.07069593563588483,Home Win
SP1,2026-02-21,17:30,Osasuna,Real Madrid,,4.75,4.0,1.7,4.6,4.0,1.67,4.7,3.9,1.71,4.8,4.1,1.67,4.6,4.1,1.68,4.6,4.0,1.67,4.6,4.0,1.67,,,,5.0,4.1,1.71,4.67,3.98,1.68,5.2,4.3,1.72,1.67,2.2,,,1.67,2.2,1.65,2.15,1.72,2.32,0.75,1.98,1.88,,,1.98,1.9,1.92,1.85,2.06,1.91,,,,,,,,,,,,,,,,,,,,,,,,,,,,,,,,,,,,,,,,,,,,,,,,,,,,,,,1.111111111111111,2.174216027874565,0.1848644317406343,0.19955641295429058,0.6154871120195141,1,2,A,0.06940716327698371,Home Win
F2,2026-02-21,13:00,Troyes,Pau FC,,1.85,3.5,3.7,1.91,3.5,3.75,1.9,3.45,3.7,1.87,3.5,3.75,1.9,3.5,3.75,,,,,,,,,,1.91,3.75,3.9,1.87,3.52,3.76,1.93,3.65,4.0,1.83,1.98,,,1.85,1.98,1.8,1.92,1.85,2.0,-0.5,1.9,1.9,,,1.91,1.9,1.84,1.85,1.93,1.98,,,,,,,,,,,,,,,,,,,,,,,,,,,,,,,,,,,,,,,,,,,,,,,,,,,,,,,2.327272727272727,1.2710280373831777,0.6097341229427241,0.19198800976754724,0.19811884125554732,2,1,H,0.06919358240218365,Home Win
E2,2026-02-21,15:00,Huddersfield,Barnsley,P Wright,1.71,3.75,4.33,1.83,3.6,4.2,1.83,3.7,4.1,1.8,3.75,4.1,1.78,3.75,4.1,1.8,3.8,4.2,1.8,3.8,4.2,,,,1.83,3.8,4.33,1.8,3.69,4.09,1.81,3.8,4.4,1.8,2.0,,,1.8,2.02,1.74,1.98,1.81,2.16,-0.5,1.8,2.05,,,1.8,2.05,1.77,1.95,1.81,2.08,,,,,,,,,,,,,,,,,,,,,,,,,,,,,,,,,,,,,,,,,,,,,,,,,,,,,,,2.3496661788915314,1.1058673469387756,0.6503253208499375,0.1850563070708922,0.16444757804836135,2,1,H,0.06552999921251068,Home Win
I1,2026-02-21,14:00,Juventus,Como,,2.0,3.4,3.7,2.05,3.5,3.5,2.07,3.35,3.65,2.05,3.4,3.6,2.05,3.5,3.5,,,,,,,,,,2.1,3.5,3.7,2.05,3.4,3.56,2.16,3.6,3.8,2.0,1.8,,,2.05,1.8,1.98,1.78,2.18,1.83,-0.25,1.75,2.05,,,1.83,2.05,1.76,2.02,1.86,2.14,,,,,,,,,,,,,,,,,,,,,,,,,,,,,,,,,,,,,,,,,,,,,,,,,,,,,,,1.3996554694229115,1.015625,0.4576459056648181,0.26927846976328096,0.27307325261866144,1,1,D,0.0641639102606068,Away Win
F1,2026-02-21,18:00,Toulouse,Paris FC,,1.85,3.4,4.5,1.9,3.3,4.33,1.96,3.2,4.35,1.85,3.25,4.1,1.93,3.4,4.1,1.95,3.4,4.0,1.91,3.4,4.0,,,,1.96,3.4,4.5,1.9,3.28,4.21,1.99,3.45,4.7,2.2,1.67,,,2.25,1.67,2.19,1.63,2.3,1.72,-0.5,1.9,1.95,,,1.95,1.95,1.86,1.86,1.99,1.98,,,,,,,,,,,,,,,,,,,,,,,,,,,,,,,,,,,,,,,,,,,,,,,,,,,,,,,1.697320021019443,1.2587412587412588,0.477003451101661,0.23868237517112087,0.2843014787133362,1,1,D,0.06207925649111401,Away Win
F1,2026-02-22,14:00,Auxerre,Rennes,,2.9,3.4,2.35,3.0,3.3,2.38,3.0,3.35,2.4,2.8,3.4,2.3,2.9,3.4,2.35,2.9,3.4,2.37,2.9,3.4,2.37,,,,3.0,3.4,2.4,2.91,3.33,2.36,3.15,3.45,2.48,1.91,1.91,,,1.91,1.91,1.85,1.88,1.93,1.99,0.25,1.8,2.05,,,1.8,2.05,1.77,2.01,1.84,2.12,,,,,,,,,,,,,,,,,,,,,,,,,,,,,,,,,,,,,,,,,,,,,,,,,,,,,,,1.2086179716237517,1.0069930069930069,0.40642768797380785,0.28814890395638276,0.30542267523844363,1,1,D,0.061600101766911275,Home Win
E0,2026-02-21,15:00,Chelsea,Burnley,L Smith,1.22,6.5,12.0,1.22,6.5,13.0,1.21,6.75,14.0,1.18,7.0,15.0,1.23,7.0,11.0,,,,,,,,,,1.23,7.0,15.0,1.2,6.7,12.88,1.23,7.6,15.5,1.44,2.75,,,1.45,2.85,1.42,2.73,1.47,3.0,-2.0,2.03,1.83,,,2.03,1.87,1.96,1.81,2.08,1.89,,,,,,,,,,,,,,,,,,,,,,,,,,,,,,,,,,,,,,,,,,,,,,,,,,,,,,,2.7076923076923074,1.1910669975186101,0.6936490240632243,0.16155643412794862,0.1442816776119008,2,1,H,0.060948344278567476,Away Win
SP2,2026-02-20,19:30,Ceuta,Granada,,2.45,3.1,2.85,2.4,3.1,2.88,2.43,3.15,2.8,2.4,3.1,2.8,2.5,3.0,2.75,2.45,2.9,2.7,2.45,2.9,2.7,,,,2.6,3.15,2.9,2.47,3.02,2.82,2.74,3.15,3.05,2.25,1.62,,,2.25,1.68,2.16,1.62,2.38,1.71,0.0,1.75,2.05,,,1.77,2.05,1.74,1.99,1.88,2.08,,,,,,,,,,,,,,,,,,,,,,,,,,,,,,,,,,,,,,,,,,,,,,,,,,,,,,,1.3641975308641976,0.8939828080229226,0.4775704285831061,0.2765962529421144,0.24583148641709734,1,0,H,0.060561800073623495,Away Win
D1,2026-02-21,14:30,Wolfsburg,Augsburg,,2.05,3.4,3.75,2.1,3.5,3.3,2.04,3.4,3.75,2.0,3.5,3.2,2.0,3.6,3.6,2.0,3.6,3.6,2.0,3.5,3.5,,,,2.1,3.6,3.8,2.04,3.41,3.52,2.14,3.55,3.9,1.73,2.1,,,1.73,2.2,1.68,2.12,1.76,2.24,-0.25,1.75,2.05,,,1.83,2.08,1.76,2.03,1.84,2.16,,,,,,,,,,,,,,,,,,,,,,,,,,,,,,,,,,,,,,,,,,,,,,,,,,,,,,,1.7000000000000002,1.4375,0.4390338292725533,0.23476838715089787,0.32618297905486304,1,1,D,0.05951631238819638,Away Win
EC,2026-02-21,15:00,York,Halifax,A Dale,1.33,4.75,7.5,1.3,5.0,7.5,1.26,5.3,8.0,1.3,5.0,8.0,1.32,4.8,6.75,,,,,,,,,,1.35,5.33,8.0,1.31,4.99,7.56,1.32,4.9,8.6,1.48,2.6,,,1.48,2.75,1.44,2.58,1.47,2.72,-1.5,1.95,1.85,,,1.95,1.85,1.88,1.8,1.91,1.85,,,,,,,,,,,,,,,,,,,,,,,,,,,,,,,,,,,,,,,,,,,,,,,,,,,,,,,3.430456294667399,1.0785978228303208,0.809634411155457,0.10908433689847628,0.07839791378605955,3,1,H,0.05775471190733672,Home Win
D2,2026-02-21,12:00,Karlsruhe,Holstein Kiel,,2.63,3.4,2.55,2.63,3.4,2.5,2.85,3.6,2.23,2.55,3.5,2.45,2.65,3.7,2.45,,,,,,,,,,2.85,3.7,2.55,2.63,3.48,2.44,2.76,3.65,2.6,1.7,2.1,,,1.7,2.2,1.65,2.11,1.65,2.28,0.0,1.95,1.85,,,1.95,1.85,1.9,1.82,2.0,1.9,,,,,,,,,,,,,,,,,,,,,,,,,,,,,,,,,,,,,,,,,,,,,,,,,,,,,,,1.9283582089552236,1.7,0.43741956500501,0.2170685294201329,0.3454655125805456,1,1,D,0.057191428122880694,Home Win
SC0,2026-02-21,15:00,Aberdeen,Dundee,S McLean,1.86,3.5,4.0,1.95,3.4,4.0,1.89,3.5,4.0,1.93,3.4,3.6,1.93,3.5,3.7,,,,,,,,,,1.96,3.6,4.0,1.91,3.47,3.78,2.02,3.7,4.0,1.98,1.88,,,1.98,1.91,1.91,1.83,1.87,1.9,-0.5,1.93,1.93,,,1.93,1.93,1.9,1.82,2.02,1.94,,,,,,,,,,,,,,,,,,,,,,,,,,,,,,,,,,,,,,,,,,,,,,,,,,,,,,,1.7023809523809519,0.4032258064516129,0.6970329416984159,0.2208484897304548,0.08210645289747132,1,0,H,0.05547738312251271,Away Win
SC2,2026-02-21,15:00,Montrose,Queen of Sth,D Williams,3.5,3.7,1.8,3.5,3.4,1.9,,,,3.2,3.4,2.05,3.5,3.5,1.82,,,,,,,,,,3.8,3.7,2.05,3.46,3.49,1.88,3.9,3.45,1.84,1.73,2.08,,,1.77,2.08,1.71,1.98,1.75,2.06,0.5,1.98,1.83,,,1.98,2.01,1.8,1.87,2.0,1.84,,,,,,,,,,,,,,,,,,,,,,,,,,,,,,,,,,,,,,,,,,,,,,,,,,,,,,,1.1818181818181819,1.8909090909090909,0.23661850312266156,0.22409484321135134,0.5392568965337797,1,1,D,0.05397333285617992,Away Win
E0,2026-02-21,20:00,Man City,Newcastle,T Bramall,1.45,5.0,5.5,1.44,5.0,6.0,1.48,5.0,6.1,1.45,5.0,6.0,1.47,5.0,5.5,1.48,5.0,5.5,1.48,5.0,5.5,,,,1.48,5.0,6.1,1.46,4.92,5.82,1.51,5.3,6.4,1.44,2.75,,,1.45,2.85,1.41,2.77,1.46,3.05,-1.25,2.0,1.85,,,2.0,1.86,1.95,1.83,2.03,1.95,,,,,,,,,,,,,,,,,,,,,,,,,,,,,,,,,,,,,,,,,,,,,,,,,,,,,,,2.0923076923076924,0.5161290322580645,0.7435881003751746,0.1774141776880166,0.07893048722597223,2,0,H,0.053932927961381494,Home Win
EC,2026-02-21,17:30,Truro,Gateshead,G Rollason,2.1,3.25,3.25,2.1,3.3,3.1,2.06,3.45,2.95,2.15,3.4,3.0,2.05,3.4,2.9,2.1,3.4,2.9,2.1,3.4,2.9,,,,2.15,3.75,3.25,2.09,3.44,3.0,2.14,3.5,3.15,1.8,2.0,,,1.8,2.1,1.7,2.01,1.76,2.04,-0.25,1.85,1.95,,,1.85,1.95,1.81,1.88,1.86,1.95,,,,,,,,,,,,,,,,,,,,,,,,,,,,,,,,,,,,,,,,,,,,,,,,,,,,,,,2.099465954606141,1.4286926994906624,0.5298049649453055,0.21012868958289113,0.25999453412750695,2,1,H,0.053614488754829326,Home Win
D2,2026-02-22,12:30,Preußen Münster,Kaiserslautern,,2.38,3.4,2.88,2.4,3.3,2.75,2.43,3.5,2.65,2.3,3.4,2.75,2.4,3.5,2.8,2.3,3.25,2.62,2.3,3.25,2.62,,,,2.5,3.5,2.9,2.37,3.36,2.75,2.42,3.6,2.96,1.8,2.0,,,1.8,2.12,1.73,1.99,1.71,2.06,0.0,1.73,2.08,,,1.83,2.08,1.72,2.02,1.76,2.14,,,,,,,,,,,,,,,,,,,,,,,,,,,,,,,,,,,,,,,,,,,,,,,,,,,,,,,1.4328358208955223,1.0,0.4702676693774267,0.26648402468519794,0.26324544177867726,1,0,H,0.05009960215053594,Home Win
D2,2026-02-20,17:30,Greuther Furth,Bielefeld,,3.8,3.75,1.9,3.75,3.5,1.91,3.45,3.55,1.98,3.7,3.6,1.9,3.75,3.7,1.93,3.5,3.4,1.85,3.5,3.4,1.85,,,,3.8,3.75,1.98,3.61,3.57,1.91,3.95,3.95,2.0,1.7,2.1,,,1.75,2.1,1.71,2.02,1.79,2.22,0.5,1.9,1.9,,,1.9,2.17,1.79,1.92,1.98,2.0,,,,,,,,,,,,,,,,,,,,,,,,,,,,,,,,,,,,,,,,,,,,,,,,,,,,,,,1.337313432835821,2.2285714285714286,0.22342324457245255,0.20047354713571786,0.575989807044211,1,2,A,0.04967401757052681,Away Win
B1,2026-02-22,12:30,Genk,Standard,,1.48,3.8,6.25,1.5,4.0,6.5,1.5,4.25,6.1,1.5,4.0,6.0,1.52,4.4,6.0,1.53,4.4,6.0,1.53,4.33,5.75,,,,1.53,4.4,6.5,1.49,4.14,6.15,1.53,4.3,7.2,1.83,1.98,,,1.83,1.98,1.78,1.93,1.69,2.02,-1.0,1.85,1.95,,,1.85,1.95,1.81,1.93,1.8,1.93,,,,,,,,,,,,,,,,,,,,,,,,,,,,,,,,,,,,,,,,,,,,,,,,,,,,,,,1.3516819571865444,0.7555555555555555,0.5095749775761899,0.28126913571850765,0.20915422549888518,1,0,H,0.04915422549888518,Away Win
SC2,2026-02-21,15:00,Cove Rangers,Kelty Hearts,C Ashwood,1.67,3.5,4.2,1.7,3.5,4.33,,,,1.7,3.6,4.4,1.68,3.5,4.1,,,,,,,,,,1.75,3.9,4.5,1.68,3.58,4.21,1.74,4.0,4.6,1.9,1.9,,,1.9,1.9,1.83,1.83,1.89,1.94,-0.75,1.95,1.85,,,1.95,1.85,1.86,1.79,1.97,1.89,,,,,,,,,,,,,,,,,,,,,,,,,,,,,,,,,,,,,,,,,,,,,,,,,,,,,,,1.1229946524064172,1.418181818181818,0.29843232649592843,0.2639575286468181,0.43760730999026387,1,1,D,0.048814001448268085,Home Win
N1,2026-02-21,17:45,PSV Eindhoven,Heerenveen,,1.36,5.5,7.0,1.36,5.0,7.0,1.35,5.2,7.5,1.33,5.5,7.0,1.39,5.5,6.5,1.4,5.5,6.5,1.4,5.5,6.5,,,,1.4,5.66,7.5,1.36,5.36,6.89,1.37,5.9,8.2,1.33,3.4,,,1.33,3.4,1.31,3.25,1.35,3.55,-1.5,1.93,1.88,,,1.93,1.88,1.87,1.84,1.94,1.93,,,,,,,,,,,,,,,,,,,,,,,,,,,,,,,,,,,,,,,,,,,,,,,,,,,,,,,3.272727272727273,1.5216783216783218,0.7132489362163368,0.14006375548914743,0.14461379279741163,3,1,H,0.04797625536098285,Away Win
E1,2026-02-22,12:00,Sheffield United,Sheffield Weds,J Smith,1.11,9.0,12.0,1.13,8.0,19.0,1.14,9.0,20.0,1.11,8.5,17.0,1.17,7.75,16.0,1.17,8.0,15.0,1.17,7.5,15.0,,,,1.17,9.0,20.0,1.14,8.0,16.13,1.17,9.4,20.0,1.44,2.75,,,1.44,2.95,1.39,2.8,1.44,3.0,-2.25,2.0,1.85,,,2.0,1.92,1.87,1.89,1.98,1.94,,,,,,,,,,,,,,,,,,,,,,,,,,,,,,,,,,,,,,,,,,,,,,,,,,,,,,,2.4356955380577436,0.7360393603936038,0.7483260489164294,0.1583144478175006,0.09313319321565294,2,0,H,0.04720333670638949,Draw
E1,2026-02-21,12:30,Stoke,Leicester,G Ward,2.15,3.3,3.3,2.15,3.25,3.5,2.08,3.55,3.6,2.2,3.3,3.3,2.1,3.4,3.5,,,,,,,,,,2.2,3.55,3.6,2.14,3.33,3.39,2.3,3.4,3.5,2.1,1.73,,,2.1,1.87,2.01,1.75,2.16,1.81,-0.25,1.9,1.95,,,1.9,2.02,1.82,1.94,1.96,1.98,,,,,,,,,,,,,,,,,,,,,,,,,,,,,,,,,,,,,,,,,,,,,,,,,,,,,,,1.6755905511811024,1.0848708487084873,0.5116944831760307,0.24236895586614993,0.2459257381418009,1,1,D,0.04657820410626329,Home Win
P1,2026-02-21,18:00,Benfica,AVS,,1.08,10.0,21.0,1.08,9.0,21.0,1.09,9.0,23.0,1.06,9.0,23.0,1.11,10.0,20.0,1.11,10.0,21.0,1.11,10.0,21.0,,,,1.11,11.0,31.0,1.08,9.3,22.63,1.12,10.5,16.5,1.33,3.4,,,1.37,3.4,1.33,3.05,1.34,2.26,-2.5,1.88,1.98,,,1.88,1.98,1.82,1.9,1.94,1.96,,,,,,,,,,,,,,,,,,,,,,,,,,,,,,,,,,,,,,,,,,,,,,,,,,,,,,,4.6710195881466605,0.4522968197879859,0.9435491512198126,0.026970909599353502,0.008076249339365776,4,0,H,0.0444990920145229,Away Win
I2,2026-02-21,14:00,Mantova,Sampdoria,,3.0,2.75,2.65,2.75,3.1,2.5,2.75,2.9,2.6,2.75,3.1,2.45,2.85,3.0,2.55,2.75,2.9,2.45,2.75,2.9,2.45,,,,3.0,3.1,2.75,2.82,2.93,2.56,3.05,3.05,2.7,2.2,1.65,,,2.25,1.65,2.17,1.62,2.32,1.68,0.0,2.0,1.8,,,2.0,1.83,1.95,1.77,2.09,1.83,,,,,,,,,,,,,,,,,,,,,,,,,,,,,,,,,,,,,,,,,,,,,,,,,,,,,,,1.4444444444444442,1.4461077844311379,0.37551529455878346,0.24821968911773246,0.37625908038521,1,1,D,0.044250496999253985,Draw
I2,2026-02-20,19:30,Frosinone,Empoli,,1.71,3.7,4.33,1.8,3.5,4.2,1.85,3.55,3.75,1.8,3.5,3.9,1.8,3.6,4.2,1.75,3.4,3.9,1.75,3.4,3.9,,,,1.85,3.7,4.4,1.79,3.55,4.07,1.85,3.85,4.7,1.85,1.95,,,1.85,1.98,1.78,1.93,1.88,2.06,-0.5,1.78,2.03,,,1.8,2.03,1.77,1.94,1.85,2.14,,,,,,,,,,,,,,,,,,,,,,,,,,,,,,,,,,,,,,,,,,,,,,,,,,,,,,,2.4949494949494953,0.8230811105062602,0.7382441823126435,0.1587312028524695,0.10275157366157128,2,0,H,0.04290357976475001,Home Win
F2,2026-02-21,19:00,St Etienne,Laval,,1.55,3.5,5.25,1.53,3.75,6.0,1.6,3.8,5.0,1.53,3.9,5.75,1.6,3.9,5.5,1.55,3.7,5.0,1.55,3.7,5.0,,,,1.6,4.0,6.0,1.55,3.82,5.45,1.58,3.95,6.4,1.9,1.9,,,1.91,1.9,1.84,1.85,1.76,1.91,-1.0,1.98,1.83,,,2.0,1.83,1.95,1.76,1.97,1.81,,,,,,,,,,,,,,,,,,,,,,,,,,,,,,,,,,,,,,,,,,,,,,,,,,,,,,,2.1818181818181817,0.8099688473520251,0.6874614027491668,0.18670786113997975,0.12573634866331054,2,0,H,0.042300112426586156,Home Win
I1,2026-02-22,11:30,Genoa,Torino,,2.25,3.0,3.6,2.25,3.2,3.3,2.23,3.1,3.65,2.2,3.0,3.5,2.3,3.1,3.4,2.3,3.1,3.4,2.25,3.0,3.4,,,,2.3,3.2,3.65,2.23,3.04,3.47,2.34,3.15,3.9,2.3,1.62,,,2.3,1.62,2.26,1.6,2.42,1.66,-0.25,1.93,1.93,,,1.93,1.94,1.88,1.91,1.96,2.02,,,,,,,,,,,,,,,,,,,,,,,,,,,,,,,,,,,,,,,,,,,,,,,,,,,,,,,1.5917312661498706,1.125,0.481676408631622,0.24922995652869062,0.2690864794293413,1,1,D,0.04218196122545015,Home Win
E2,2026-02-21,12:30,Rotherham,Doncaster,S Mather,2.57,3.3,2.55,2.63,3.3,2.6,2.75,3.35,2.5,2.7,3.3,2.55,2.65,3.3,2.5,,,,,,,,,,2.75,3.5,2.6,2.67,3.33,2.52,2.8,3.5,2.54,1.95,1.85,,,1.95,1.85,1.91,1.81,1.99,1.86,0.0,1.98,1.88,,,1.98,1.88,1.92,1.81,2.04,1.89,,,,,,,,,,,,,,,,,,,,,,,,,,,,,,,,,,,,,,,,,,,,,,,,,,,,,,,1.4202944942381563,1.1576190476190478,0.43033661834331316,0.2624976288221055,0.30716278542007325,1,1,D,0.0412315599775544,Home Win
EC,2026-02-21,15:00,Sutton,Wealdstone,W Davis,2.25,3.4,2.75,2.3,3.2,2.8,2.14,3.25,3.0,2.3,3.3,2.8,2.15,3.25,2.8,,,,,,,,,,2.4,3.4,3.0,2.27,3.28,2.83,2.4,3.35,2.8,1.85,1.95,,,1.85,1.95,1.78,1.92,1.83,1.96,-0.25,2.03,1.78,,,2.03,1.78,1.98,1.74,2.07,1.75,,,,,,,,,,,,,,,,,,,,,,,,,,,,,,,,,,,,,,,,,,,,,,,,,,,,,,,2.0327102803738315,1.5725806451612903,0.48548707990288714,0.21377084493029913,0.3006828044165027,2,1,H,0.04104263545844272,Home Win
D1,2026-02-20,19:30,Mainz,Hamburg,,2.1,3.4,3.5,2.05,3.5,3.4,2.04,3.45,3.7,2.05,3.6,3.4,2.05,3.5,3.5,2.05,3.5,3.6,2.05,3.5,3.5,,,,2.12,3.6,3.7,2.05,3.45,3.5,2.16,3.55,3.8,1.8,2.0,,,1.8,2.05,1.76,2.0,1.83,2.16,-0.25,1.8,2.05,,,1.83,2.07,1.76,2.03,1.87,2.14,,,,,,,,,,,,,,,,,,,,,,,,,,,,,,,,,,,,,,,,,,,,,,,,,,,,,,,1.08,0.4875,0.500782299552349,0.33370361587500735,0.16551386061626322,1,0,H,0.039585968816183814,Draw
F1,2026-02-20,19:45,Brest,Marseille,,3.8,3.6,1.9,3.75,3.6,1.95,3.85,3.8,1.88,3.7,3.75,1.91,3.7,3.6,1.95,3.5,3.4,1.91,3.6,3.6,1.95,,,,3.85,3.8,1.95,3.71,3.66,1.91,4.1,3.9,1.98,1.67,2.2,,,1.71,2.2,1.68,2.11,1.76,2.26,0.5,1.93,1.93,,,1.93,1.93,1.86,1.86,2.01,1.98,,,,,,,,,,,,,,,,,,,,,,,,,,,,,,,,,,,,,,,,,,,,,,,,,,,,,,,1.3452443510246979,1.7272727272727273,0.2997884093049028,0.23511103736345884,0.4650852690120746,1,1,D,0.03663051456806071,Home Win
E2,2026-02-21,15:00,AFC Wimbledon,Bradford,R Martin,3.1,3.25,2.25,3.1,3.2,2.38,2.95,3.25,2.38,3.1,3.2,2.3,2.95,3.3,2.3,3.0,3.4,2.37,3.0,3.3,2.37,,,,3.1,3.4,2.38,3.0,3.24,2.33,3.1,3.25,2.4,2.15,1.67,,,2.2,1.7,2.12,1.65,2.2,1.69,0.25,1.83,2.03,,,1.83,2.03,1.76,1.96,1.81,2.04,,,,,,,,,,,,,,,,,,,,,,,,,,,,,,,,,,,,,,,,,,,,,,,,,,,,,,,0.8489116517285532,0.8326530612244897,0.3331807787784155,0.34276668469523813,0.3240524909462765,0,0,D,0.035074377002930424,Draw
D1,2026-02-21,14:30,FC Koln,Hoffenheim,,3.3,3.8,2.05,3.2,3.75,2.05,3.3,3.8,2.06,3.1,3.6,2.0,3.2,3.8,2.05,3.2,3.8,2.05,3.2,3.75,2.05,,,,3.35,3.8,2.1,3.22,3.7,2.05,3.5,3.9,2.16,1.57,2.38,,,1.6,2.4,1.56,2.34,1.62,2.52,0.25,2.05,1.8,,,2.05,1.8,1.99,1.78,2.1,1.88,,,,,,,,,,,,,,,,,,,,,,,,,,,,,,,,,,,,,,,,,,,,,,,,,,,,,,,1.2954545454545456,1.9318181818181819,0.2559458111564106,0.22129796957590928,0.522720147596433,1,1,D,0.034915269547652505,Away Win
I1,2026-02-23,19:45,Bologna,Udinese,,1.85,3.5,4.5,1.9,3.4,4.2,1.84,3.55,4.35,1.83,3.4,4.2,1.85,3.5,4.33,,,,,,,,,,1.9,3.55,4.5,1.85,3.46,4.23,1.92,3.7,4.7,2.1,1.73,,,2.15,1.73,2.1,1.7,2.18,1.77,-0.5,1.85,2.0,,,1.9,2.0,1.81,1.91,1.92,2.07,,,,,,,,,,,,,,,,,,,,,,,,,,,,,,,,,,,,,,,,,,,,,,,,,,,,,,,1.343669250645995,1.1848958333333333,0.40399659487573164,0.26722578767641675,0.32877553425150646,1,1,D,0.03240990414133654,Away Win
EC,2026-02-21,15:00,Rochdale,Woking,S Copeland,1.38,4.1,8.0,1.36,4.2,7.5,1.42,4.0,6.4,1.36,4.2,8.0,1.37,4.2,7.0,,,,,,,,,,1.42,4.75,8.5,1.37,4.26,7.69,1.38,4.7,10.0,1.88,1.93,,,1.88,1.93,1.81,1.88,1.86,1.99,-1.25,1.9,1.9,,,1.9,1.9,1.83,1.86,1.88,1.97,,,,,,,,,,,,,,,,,,,,,,,,,,,,,,,,,,,,,,,,,,,,,,,,,,,,,,,1.7554656208277701,0.7441107809847199,0.6156133723460349,0.22994216912727058,0.1544287457411582,1,0,H,0.029428745741158197,Away Win
I1,2026-02-20,19:45,Sassuolo,Verona,,1.75,3.3,5.25,1.73,3.5,5.0,1.74,3.4,5.4,1.75,3.5,5.0,1.75,3.4,5.25,1.75,3.4,5.25,1.75,3.4,5.0,,,,1.78,3.5,5.4,1.74,3.39,5.12,1.82,3.6,5.6,2.2,1.67,,,2.3,1.67,2.22,1.62,2.36,1.72,-0.75,2.0,1.85,,,2.0,1.85,1.96,1.82,2.08,1.9,,,,,,,,,,,,,,,,,,,,,,,,,,,,,,,,,,,,,,,,,,,,,,,,,,,,,,,1.4883720930232558,0.7916666666666667,0.5372833388375188,0.2633042017519166,0.19940861590860398,1,0,H,0.0291561506926844,Draw
E3,2026-02-21,12:30,Swindon,Crewe,K Dowle,1.96,3.5,3.4,2.0,3.5,3.6,2.0,3.45,3.4,2.0,3.6,3.5,2.0,3.6,3.3,,,,,,,,,,2.05,3.6,3.65,1.99,3.5,3.47,1.97,3.75,3.8,1.8,2.0,,,1.8,2.0,1.76,1.96,1.83,2.04,-0.5,2.03,1.83,,,2.03,1.83,1.94,1.77,1.97,1.92,,,,,,,,,,,,,,,,,,,,,,,,,,,,,,,,,,,,,,,,,,,,,,,,,,,,,,,1.793619791666667,1.0862619808306706,0.539342684356642,0.23185664279229629,0.2287816180994393,1,1,D,0.029138602723988938,Home Win
SP1,2026-02-22,20:00,Villarreal,Valencia,,1.7,4.0,4.5,1.73,3.75,4.6,1.7,3.9,4.9,1.67,3.7,4.5,1.72,3.9,4.5,,,,,,,,,,1.73,4.0,4.9,1.69,3.86,4.62,1.75,4.1,5.2,1.8,2.0,,,1.8,2.05,1.76,1.99,1.91,2.06,-0.75,1.9,1.95,,,1.9,1.95,1.87,1.9,1.95,2.0,,,,,,,,,,,,,,,,,,,,,,,,,,,,,,,,,,,,,,,,,,,,,,,,,,,,,,,3.0,0.6387921022067365,0.8415582320479273,0.10658999686318694,0.05074928121384557,2,0,H,0.02893020994477452,Draw
F1,2026-02-22,16:15,Nantes,Le Havre,,2.4,3.3,2.9,2.4,3.2,3.0,2.48,3.2,3.0,2.38,3.13,2.88,2.4,3.3,2.95,,,,,,,,,,2.48,3.3,3.05,2.4,3.2,2.95,2.62,3.35,3.05,2.1,1.73,,,2.1,1.73,2.08,1.7,2.2,1.78,-0.25,2.1,1.78,,,2.1,1.8,2.03,1.74,2.22,1.8,,,,,,,,,,,,,,,,,,,,,,,,,,,,,,,,,,,,,,,,,,,,,,,,,,,,,,,0.9248554913294795,0.8461538461538461,0.3557631828520242,0.33175616912006217,0.31248056934569707,0,0,D,0.028725866089759133,Draw
E1,2026-02-21,15:00,Wrexham,Ipswich,L Doughty,3.3,3.3,2.15,3.4,3.25,2.2,3.55,3.4,2.15,3.3,3.3,2.2,3.2,3.4,2.25,3.2,3.4,2.25,3.1,3.4,2.2,,,,3.55,3.4,2.25,3.27,3.32,2.19,3.4,3.5,2.32,2.1,1.73,,,2.1,1.8,2.02,1.73,2.12,1.81,0.25,1.93,1.93,,,1.97,1.93,1.91,1.85,1.97,1.99,,,,,,,,,,,,,,,,,,,,,,,,,,,,,,,,,,,,,,,,,,,,,,,,,,,,,,,1.4915635545556805,1.992619926199262,0.28958451102328364,0.21667713819092613,0.49368934179920876,1,1,D,0.028573062729441323,Away Win
SC3,2026-02-21,15:00,Forfar,Annan Athletic,G Calder,2.1,3.6,2.8,2.2,3.4,2.8,,,,2.25,3.5,2.7,2.1,3.4,2.8,,,,,,,,,,2.3,3.6,3.1,2.14,3.42,2.83,2.12,3.35,3.55,1.67,2.15,,,1.67,2.2,1.61,2.14,1.56,2.16,-0.25,1.9,1.9,,,1.95,1.9,1.88,1.77,1.87,2.06,,,,,,,,,,,,,,,,,,,,,,,,,,,,,,,,,,,,,,,,,,,,,,,,,,,,,,,1.3540429419826403,0.700228832951945,0.5250044776387442,0.2817552410322418,0.19323859887505673,1,0,H,0.028528796357226605,Away Win
SP2,2026-02-21,17:30,Almeria,Cordoba,,2.01,3.5,3.3,2.05,3.5,3.25,1.87,3.65,3.6,2.0,3.6,3.13,2.0,3.6,3.2,2.0,3.5,3.1,2.0,3.5,3.1,,,,2.1,3.65,3.6,1.99,3.48,3.33,2.1,3.65,3.65,1.6,2.3,,,1.63,2.3,1.6,2.2,1.62,2.38,-0.25,1.8,2.0,,,1.8,2.12,1.71,2.03,1.85,2.12,,,,,,,,,,,,,,,,,,,,,,,,,,,,,,,,,,,,,,,,,,,,,,,,,,,,,,,1.8657407407407405,1.9255014326647566,0.38161745804801894,0.21308450089290817,0.4052378728790079,1,1,D,0.028353810196029006,Draw
SP1,2026-02-20,20:00,Ath Bilbao,Elche,,1.67,3.8,5.25,1.67,3.75,5.0,1.66,3.85,5.2,1.7,3.8,5.0,1.66,3.9,5.0,1.67,3.9,5.0,1.65,3.9,5.0,,,,1.7,4.0,5.25,1.66,3.83,5.03,1.74,4.0,5.6,1.8,2.0,,,1.91,2.0,1.83,1.91,1.93,2.06,-0.75,1.85,2.0,,,1.85,2.0,1.84,1.93,1.94,2.03,,,,,,,,,,,,,,,,,,,,,,,,,,,,,,,,,,,,,,,,,,,,,,,,,,,,,,,1.6666666666666665,1.0731707317073174,0.5122991148843317,0.2432410307504205,0.24444952333237038,1,1,D,0.027550867986497085,Home Win
E1,2026-02-21,15:00,Millwall,Portsmouth,S Martin,1.81,3.5,4.2,1.9,3.4,4.2,1.89,3.6,4.3,1.87,3.5,4.2,1.87,3.5,4.2,1.85,3.5,4.2,1.85,3.5,4.2,,,,1.9,3.75,4.3,1.86,3.5,4.15,1.94,3.75,4.5,2.1,1.73,,,2.1,1.77,2.03,1.72,2.16,1.79,-0.5,1.88,1.98,,,1.9,1.98,1.82,1.91,1.94,2.04,,,,,,,,,,,,,,,,,,,,,,,,,,,,,,,,,,,,,,,,,,,,,,,,,,,,,,,1.6629921259842522,0.7970479704797049,0.5799922784224261,0.24220292224916776,0.17779485406203546,1,0,H,0.027506090577122166,Home Win
SC3,2026-02-21,15:00,East Kilbride,Dumbarton,D Graves,1.55,3.9,5.0,1.5,4.2,5.0,,,,1.5,4.2,5.0,1.49,4.2,4.75,,,,,,,,,,1.55,4.2,5.0,1.51,4.1,4.83,1.56,4.1,5.3,1.5,2.5,,,1.53,2.63,1.47,2.46,1.44,2.44,-1.0,1.9,1.9,,,1.9,1.9,1.82,1.82,1.9,1.92,,,,,,,,,,,,,,,,,,,,,,,,,,,,,,,,,,,,,,,,,,,,,,,,,,,,,,,2.7437185929648242,1.355072463768116,0.6660069451963972,0.16572584961449013,0.16769917741340604,2,1,H,0.027251817901867037,Away Win
I2,2026-02-21,18:30,Carrarese,Monza,,3.6,3.3,2.01,3.6,3.25,2.0,3.8,3.2,1.95,3.5,3.25,2.0,3.6,3.4,2.0,3.4,3.2,1.95,3.4,3.2,1.95,,,,3.8,3.4,2.05,3.6,3.26,1.98,3.85,3.35,2.08,2.05,1.75,,,2.17,1.75,2.05,1.69,2.08,1.79,0.5,1.78,2.03,,,1.8,2.03,1.77,1.94,1.83,2.08,,,,,,,,,,,,,,,,,,,,,,,,,,,,,,,,,,,,,,,,,,,,,,,,,,,,,,,0.882716049382716,0.9431137724550898,0.3206813575425278,0.3258173156062799,0.3535012259764906,0,0,D,0.027090729392811735,Away Win
SC2,2026-02-21,15:00,Peterhead,East Fife,G Soutar,1.85,3.3,3.5,1.83,3.4,3.5,,,,2.05,3.4,3.2,1.93,3.4,3.25,,,,,,,,,,2.05,3.6,3.5,1.93,3.4,3.3,1.99,3.6,3.7,1.83,1.98,,,1.85,1.98,1.79,1.87,1.73,1.92,-0.5,1.95,1.85,,,2.01,1.85,1.93,1.73,1.99,1.94,,,,,,,,,,,,,,,,,,,,,,,,,,,,,,,,,,,,,,,,,,,,,,,,,,,,,,,2.8074866310160433,1.3866666666666665,0.6700257006175615,0.16273783337912548,0.1665609303872532,2,1,H,0.025800901721189762,Home Win
E1,2026-02-21,12:30,Swansea,Bristol City,W Finnie,2.1,3.4,3.3,2.2,3.3,3.3,2.18,3.45,3.4,2.1,3.4,3.4,2.15,3.5,3.3,,,,,,,,,,2.2,3.5,3.4,2.14,3.38,3.34,2.26,3.6,3.45,2.0,1.85,,,2.0,1.85,1.95,1.8,2.02,1.9,-0.25,1.85,2.0,,,1.85,2.0,1.82,1.94,1.94,2.02,,,,,,,,,,,,,,,,,,,,,,,,,,,,,,,,,,,,,,,,,,,,,,,,,,,,,,,1.3606299212598427,1.1955719557195572,0.4061831325196136,0.26545470340791544,0.32835985524049904,1,1,D,0.025329552210196005,Away Win
EC,2026-02-21,15:00,Solihull,Hartlepool,B Atkinson,2.15,3.4,3.0,2.0,3.3,3.25,2.05,3.35,3.1,2.05,3.4,3.2,2.05,3.3,3.0,,,,,,,,,,2.15,3.5,3.33,2.05,3.37,3.17,1.96,3.15,3.0,1.75,2.05,,,1.75,2.05,1.71,2.0,1.64,1.94,-0.25,1.8,2.0,,,1.8,2.0,1.77,1.93,1.72,1.85,,,,,,,,,,,,,,,,,,,,,,,,,,,,,,,,,,,,,,,,,,,,,,,,,,,,,,,1.5771028037383177,1.4770797962648559,0.4016976435142022,0.240216637714099,0.3580758211611252,1,1,D,0.02474248782779187,Away Win
N1,2026-02-22,13:30,Utrecht,Zwolle,,1.62,4.0,5.25,1.62,3.75,5.0,1.58,4.0,5.3,1.62,4.0,5.0,1.65,4.1,4.8,1.65,4.2,4.8,1.65,4.0,4.8,,,,1.65,4.2,5.3,1.62,3.97,4.99,1.67,4.1,5.7,1.73,2.08,,,1.75,2.08,1.72,2.02,1.77,2.14,-0.75,1.78,2.03,,,1.8,2.04,1.76,2.0,1.8,2.02,,,,,,,,,,,,,,,,,,,,,,,,,,,,,,,,,,,,,,,,,,,,,,,,,,,,,,,2.8333333333333335,1.0153846153846156,0.748398044989963,0.14363709638838384,0.10724333153713844,2,1,H,0.024495256436023766,Home Win
D1,2026-02-22,14:30,Freiburg,M'gladbach,,1.95,3.25,4.33,2.0,3.4,3.75,2.0,3.25,4.1,1.91,3.25,3.7,1.95,3.4,3.8,,,,,,,,,,2.0,3.4,4.33,1.96,3.27,3.95,2.06,3.45,4.3,1.88,1.98,,,1.91,1.98,1.86,1.9,1.96,2.02,-0.5,1.98,1.88,,,1.98,1.88,1.91,1.82,2.06,1.92,,,,,,,,,,,,,,,,,,,,,,,,,,,,,,,,,,,,,,,,,,,,,,,,,,,,,,,1.52,0.8250000000000001,0.5368880931327737,0.2594028881136698,0.20370440511549365,1,0,H,0.02406758031226086,Home Win
F2,2026-02-20,19:00,Boulogne,Clermont,,2.38,2.9,2.8,2.4,3.0,3.0,2.43,3.05,2.85,2.4,3.13,3.0,2.4,3.1,2.9,2.37,3.0,2.8,2.37,3.0,2.8,,,,2.5,3.13,3.0,2.41,3.03,2.92,2.58,3.1,3.35,2.35,1.57,,,2.35,1.62,2.25,1.57,2.4,1.67,0.0,1.78,2.03,,,1.78,2.1,1.7,2.05,1.76,2.3,,,,,,,,,,,,,,,,,,,,,,,,,,,,,,,,,,,,,,,,,,,,,,,,,,,,,,,1.575757575757576,1.5700934579439256,0.38294464913346704,0.23653685163437518,0.38050615852993397,1,1,D,0.023363301387076818,Away Win
E2,2026-02-21,12:30,Wycombe,Stevenage,M Russell,1.86,3.25,4.33,1.95,3.2,4.33,1.97,3.25,4.0,1.95,3.2,4.2,1.93,3.3,3.9,,,,,,,,,,1.97,3.3,4.35,1.93,3.21,4.15,2.06,3.35,4.4,2.35,1.57,,,2.45,1.58,2.33,1.54,2.44,1.66,-0.5,1.95,1.9,,,1.95,1.9,1.87,1.84,2.06,1.9,,,,,,,,,,,,,,,,,,,,,,,,,,,,,,,,,,,,,,,,,,,,,,,,,,,,,,,1.760063220230474,0.9676339285714286,0.5600819563460218,0.23409532719968734,0.20580657844444256,1,0,H,0.022447547743871255,Home Win
F2,2026-02-23,19:45,Le Mans,Guingamp,,2.3,3.2,2.75,2.38,3.1,3.0,,,,2.38,3.2,2.88,2.4,3.3,2.8,,,,,,,,,,2.4,3.3,3.1,2.35,3.15,2.92,2.46,2.78,3.0,2.1,1.7,,,2.1,1.7,2.09,1.67,,,-0.25,2.05,1.75,,,2.05,1.83,2.01,1.75,,,,,,,,,,,,,,,,,,,,,,,,,,,,,,,,,,,,,,,,,,,,,,,,,,,,,,,,,1.0303030303030303,0.6355140186915889,0.4430075409277498,0.33460889994166537,0.22238341132662903,1,0,H,0.022108899941665372,Draw
E1,2026-02-21,15:00,Southampton,Charlton,J Busby,1.53,4.2,5.5,1.57,4.0,6.0,1.58,4.1,5.8,1.53,4.2,6.0,1.57,4.33,5.25,1.57,4.33,5.25,1.57,4.2,5.25,,,,1.58,4.33,6.0,1.56,4.1,5.59,1.62,4.4,5.9,1.8,2.0,,,1.81,2.0,1.76,1.97,1.85,2.08,-1.0,2.0,1.85,,,2.0,1.86,1.92,1.84,2.04,1.92,,,,,,,,,,,,,,,,,,,,,,,,,,,,,,,,,,,,,,,,,,,,,,,,,,,,,,,1.5118110236220474,0.6715867158671587,0.5754868710792824,0.2595667724167331,0.16494196863103588,1,0,H,0.02147153432149501,Draw
SC1,2026-02-21,15:00,Queens Park,Morton,L Wilson,2.63,3.1,2.45,2.75,3.0,2.5,2.95,3.1,2.3,2.7,3.1,2.5,2.6,3.1,2.4,,,,,,,,,,2.95,3.1,2.55,2.74,3.06,2.45,2.88,3.1,2.66,2.15,1.67,,,2.2,1.67,2.14,1.64,2.24,1.68,0.0,1.98,1.83,,,1.98,1.83,1.94,1.78,2.0,1.84,,,,,,,,,,,,,,,,,,,,,,,,,,,,,,,,,,,,,,,,,,,,,,,,,,,,,,,0.8798938287989383,1.0097087378640774,0.3060667090027493,0.3183391404582055,0.37559399433817237,0,1,A,0.02084565487381662,Home Win
D2,2026-02-21,19:30,Schalke 04,Magdeburg,,2.2,3.4,3.1,2.2,3.4,3.0,2.07,3.55,3.25,2.15,3.4,3.0,2.2,3.6,3.0,2.1,3.4,2.87,2.1,3.4,2.87,,,,2.2,3.6,3.25,2.14,3.44,3.06,2.36,3.55,3.2,1.75,2.05,,,1.75,2.12,1.69,2.05,1.7,2.12,-0.25,1.93,1.88,,,1.93,1.93,1.83,1.88,2.03,1.91,,,,,,,,,,,,,,,,,,,,,,,,,,,,,,,,,,,,,,,,,,,,,,,,,,,,,,,1.4208955223880597,0.9714285714285715,0.47397268756622074,0.268429256545261,0.25759541127109614,1,0,H,0.01942723302076621,Home Win
F1,2026-02-22,16:15,Nice,Lorient,,2.05,3.6,3.4,2.1,3.4,3.4,2.06,3.6,3.55,2.05,3.4,3.25,2.1,3.6,3.3,,,,,,,,,,2.12,3.6,3.55,2.07,3.46,3.39,2.18,3.55,3.6,1.85,2.0,,,1.86,2.0,1.8,1.94,1.87,2.04,-0.25,1.8,2.05,,,1.8,2.07,1.77,2.0,1.87,2.08,,,,,,,,,,,,,,,,,,,,,,,,,,,,,,,,,,,,,,,,,,,,,,,,,,,,,,,1.2506568575932737,0.6853146853146852,0.4991159547713388,0.2971104261771133,0.2037727833093495,1,0,H,0.019332648399335517,Draw
E3,2026-02-21,12:30,Fleetwood Town,Barrow,E Bell,1.96,3.6,3.4,2.0,3.5,3.6,2.08,3.35,3.25,2.0,3.5,3.6,2.05,3.5,3.4,,,,,,,,,,2.08,3.6,3.6,2.02,3.47,3.43,2.04,3.6,3.9,1.85,1.95,,,1.86,1.95,1.83,1.86,1.86,1.93,-0.5,2.0,1.85,,,2.02,1.85,1.97,1.75,2.04,1.92,,,,,,,,,,,,,,,,,,,,,,,,,,,,,,,,,,,,,,,,,,,,,,,,,,,,,,,2.0833333333333335,1.6656017039403619,0.47733892427330693,0.21026342526788266,0.312322662636633,2,1,H,0.018205015577809458,Away Win
EC,2026-02-21,15:00,Carlisle,Yeovil,M Barlow,1.55,4.0,5.25,1.53,3.75,5.5,1.46,4.0,5.6,1.53,3.9,5.25,1.53,3.8,4.8,,,,,,,,,,1.58,4.2,5.6,1.53,3.92,5.26,1.57,4.1,5.8,1.8,2.0,,,1.8,2.05,1.72,1.99,1.79,2.04,-1.0,1.98,1.83,,,1.98,1.83,1.93,1.78,1.96,1.82,,,,,,,,,,,,,,,,,,,,,,,,,,,,,,,,,,,,,,,,,,,,,,,,,,,,,,,1.8264352469959944,1.0186757215619697,0.5630178886050944,0.22828482647174522,0.20867524633161857,1,1,D,0.01819905585542811,Away Win
SP2,2026-02-21,15:15,Huesca,Mirandes,,1.96,3.0,4.33,2.05,3.0,3.75,1.94,3.15,4.0,2.0,3.0,3.8,2.05,3.0,3.5,2.05,3.0,3.4,2.05,3.0,3.4,,,,2.05,3.2,4.33,2.0,3.03,3.83,2.1,3.1,4.2,2.5,1.5,,,2.5,1.55,2.4,1.51,2.6,1.56,-0.5,2.03,1.78,,,2.03,1.8,1.96,1.75,2.1,1.83,,,,,,,,,,,,,,,,,,,,,,,,,,,,,,,,,,,,,,,,,,,,,,,,,,,,,,,1.5982905982905984,1.0368084637425612,0.5041199007578852,0.2498469012628631,0.24602596606362673,1,1,D,0.018177289088095905,Home Win
E1,2026-02-21,15:00,Norwich,Birmingham,F Hallam,2.5,3.4,2.65,2.5,3.3,2.75,2.63,3.5,2.65,2.55,3.4,2.7,2.55,3.4,2.7,2.5,3.4,2.7,2.5,3.3,2.7,,,,2.63,3.5,2.75,2.54,3.35,2.68,2.7,3.55,2.82,1.91,1.91,,,1.91,1.92,1.87,1.85,1.99,1.92,0.0,1.88,1.98,,,1.88,1.98,1.83,1.93,1.94,2.02,,,,,,,,,,,,,,,,,,,,,,,,,,,,,,,,,,,,,,,,,,,,,,,,,,,,,,,1.209448818897638,0.9594095940959408,0.4177468887916434,0.29076080657413655,0.29149161037647103,1,0,H,0.017746888791643378,Home Win
N1,2026-02-22,13:30,Go Ahead Eagles,Heracles,,1.73,4.0,4.5,1.73,3.75,4.33,1.66,3.95,4.6,1.7,3.9,4.4,1.73,4.0,4.33,1.75,4.0,4.33,1.73,3.9,4.33,,,,1.75,4.0,4.7,1.71,3.91,4.39,1.76,4.0,4.8,1.62,2.25,,,1.65,2.25,1.62,2.18,1.21,2.24,-0.75,1.9,1.9,,,1.9,1.91,1.87,1.87,1.91,1.94,,,,,,,,,,,,,,,,,,,,,,,,,,,,,,,,,,,,,,,,,,,,,,,,,,,,,,,2.597222222222222,0.9025641025641026,0.7368962455504119,0.15504900776293185,0.10768212724739279,2,0,H,0.017623225293886824,Home Win
SP2,2026-02-21,20:00,Las Palmas,Castellon,,2.45,3.2,2.7,2.5,3.1,2.75,2.5,3.25,2.63,2.45,3.13,2.7,2.4,3.2,2.7,2.37,3.1,2.62,2.37,3.1,2.62,,,,2.6,3.25,2.83,2.47,3.14,2.69,2.64,3.3,2.86,2.08,1.73,,,2.1,1.75,2.02,1.71,2.12,1.8,0.0,1.8,2.0,,,1.83,2.0,1.77,1.95,1.87,2.04,,,,,,,,,,,,,,,,,,,,,,,,,,,,,,,,,,,,,,,,,,,,,,,,,,,,,,,0.8461538461538461,0.8463742561163766,0.32922315270161634,0.3414302099447745,0.32934658912327414,0,0,D,0.01647156932541738,Draw
SP1,2026-02-22,13:00,Getafe,Sevilla,,2.35,2.9,3.5,2.4,2.88,3.3,2.48,2.9,3.3,2.3,2.8,3.3,2.4,2.9,3.3,2.45,2.9,3.3,2.4,2.9,3.25,,,,2.48,2.9,3.5,2.39,2.87,3.31,2.5,2.98,3.7,3.0,1.4,,,3.0,1.44,2.87,1.38,3.05,1.45,-0.25,2.0,1.85,,,2.05,1.85,1.99,1.78,2.08,1.9,,,,,,,,,,,,,,,,,,,,,,,,,,,,,,,,,,,,,,,,,,,,,,,,,,,,,,,1.0101010101010102,0.9059233449477354,0.36974332643491314,0.316013424244183,0.3142430820715123,1,0,H,0.015079083846536667,Away Win
E1,2026-02-21,12:30,Hull,QPR,A Madley,2.25,3.3,3.1,2.3,3.25,3.1,2.4,3.45,3.0,2.3,3.3,3.1,2.3,3.4,3.0,,,,,,,,,,2.4,3.45,3.25,2.29,3.3,3.09,2.4,3.45,3.3,2.05,1.8,,,2.05,1.87,1.95,1.79,2.08,1.86,-0.25,1.98,1.88,,,2.0,1.88,1.95,1.81,2.05,1.92,,,,,,,,,,,,,,,,,,,,,,,,,,,,,,,,,,,,,,,,,,,,,,,,,,,,,,,1.4940944881889766,1.1139298892988931,0.45949112854846497,0.25781438444012406,0.28269023128480986,1,1,D,0.015046684104020547,Home Win
D1,2026-02-22,16:30,St Pauli,Werder Bremen,,2.75,3.1,2.75,2.63,3.2,2.75,2.85,3.15,2.63,2.6,3.0,2.6,2.75,3.1,2.7,,,,,,,,,,2.85,3.2,2.75,2.7,3.08,2.67,2.84,3.25,2.9,2.3,1.62,,,2.33,1.62,2.27,1.6,2.42,1.68,0.0,1.93,1.93,,,1.93,1.93,1.88,1.88,1.97,2.0,,,,,,,,,,,,,,,,,,,,,,,,,,,,,,,,,,,,,,,,,,,,,,,,,,,,,,,1.155,1.0625,0.3784292488204608,0.2895318483989865,0.33203830027484216,1,1,D,0.01479288518409716,Home Win
E3,2026-02-21,15:00,Notts County,Tranmere,H Wager,1.66,3.75,4.75,1.73,3.75,4.6,1.7,3.7,4.4,1.7,3.75,4.75,1.72,3.7,4.5,1.73,3.8,4.6,1.73,3.75,4.5,,,,1.73,3.8,4.85,1.7,3.73,4.56,1.68,3.85,5.8,1.88,1.98,,,1.88,1.98,1.81,1.9,1.87,1.93,-0.75,1.93,1.93,,,1.93,1.93,1.86,1.85,1.88,2.0,,,,,,,,,,,,,,,,,,,,,,,,,,,,,,,,,,,,,,,,,,,,,,,,,,,,,,,2.527777777777778,1.4121405750798723,0.6170269299157949,0.18175608580774316,0.20091235665151763,2,1,H,0.014617291361577966,Home Win
E3,2026-02-21,15:00,Crawley Town,Chesterfield,P Howard,2.82,3.5,2.25,2.88,3.4,2.38,2.7,3.45,2.35,2.9,3.5,2.3,2.8,3.6,2.25,2.87,3.7,2.3,2.87,3.7,2.25,,,,2.94,3.7,2.38,2.83,3.48,2.3,3.0,3.2,2.14,1.8,2.0,,,1.8,2.1,1.72,2.02,1.24,1.87,0.25,1.8,2.05,,,1.8,2.05,1.74,1.99,1.87,1.89,,,,,,,,,,,,,,,,,,,,,,,,,,,,,,,,,,,,,,,,,,,,,,,,,,,,,,,1.6927083333333333,1.7923322683706064,0.36798919249234596,0.22306686199831335,0.40891369566266067,1,1,D,0.013379263414331766,Home Win
F1,2026-02-22,19:45,Strasbourg,Lyon,,2.3,3.6,2.9,2.38,3.4,2.88,2.4,3.55,2.85,2.25,3.4,2.88,2.37,3.5,2.8,,,,,,,,,,2.4,3.6,2.9,2.34,3.47,2.85,2.46,3.6,3.05,1.8,2.0,,,1.8,2.05,1.76,1.99,1.81,2.1,-0.25,2.03,1.83,,,2.06,1.83,2.0,1.77,2.12,1.86,,,,,,,,,,,,,,,,,,,,,,,,,,,,,,,,,,,,,,,,,,,,,,,,,,,,,,,1.277456647398844,0.9153846153846151,0.4479072918325413,0.28558653786265176,0.2665051161957158,1,0,H,0.013124683136889082,Home Win
N1,2026-02-22,19:00,Feyenoord,Telstar,,1.25,5.75,11.0,1.25,5.5,10.0,1.21,6.5,11.5,1.22,6.0,11.0,1.28,6.0,9.75,,,,,,,,,,1.28,6.5,11.5,1.23,5.98,10.33,1.28,6.8,13.0,1.44,2.7,,,1.44,3.05,1.39,2.79,1.45,2.94,-1.75,1.88,1.93,,,1.88,2.0,1.82,1.91,,,,,,,,,,,,,,,,,,,,,,,,,,,,,,,,,,,,,,,,,,,,,,,,,,,,,,,,,2.083333333333333,0.8307692307692307,0.66354882732984,0.19750088239599628,0.13888534627007376,2,0,H,0.012666261627325592,Away Win
E2,2026-02-21,15:00,Mansfield,Lincoln,D Rock,3.5,3.3,2.05,3.5,3.4,2.1,3.25,3.45,2.15,3.5,3.4,2.05,3.25,3.4,2.1,3.3,3.4,2.15,3.3,3.4,2.15,,,,3.5,3.45,2.15,3.37,3.38,2.09,3.6,3.45,2.08,1.95,1.85,,,1.96,1.88,1.91,1.8,1.96,1.83,0.25,2.05,1.8,,,2.05,1.8,1.94,1.78,2.1,1.78,,,,,,,,,,,,,,,,,,,,,,,,,,,,,,,,,,,,,,,,,,,,,,,,,,,,,,,1.0215962441314552,1.2693333333333334,0.2981004303955026,0.2815503234903187,0.42034816153969623,1,1,D,0.012386144681216904,Home Win
SP1,2026-02-21,15:15,Betis,Vallecano,,1.9,3.4,4.33,1.91,3.5,4.0,1.85,3.45,4.5,1.9,3.6,4.0,1.9,3.5,4.1,,,,,,,,,,1.91,3.6,4.5,1.88,3.45,4.19,1.94,3.7,4.6,1.93,1.93,,,1.93,1.93,1.88,1.86,1.97,1.98,-0.5,1.9,1.95,,,1.91,1.95,1.84,1.88,1.94,2.05,,,,,,,,,,,,,,,,,,,,,,,,,,,,,,,,,,,,,,,,,,,,,,,,,,,,,,,2.3333333333333335,0.8362369337979096,0.7085229087560457,0.17382800900143194,0.11748770322889826,2,0,H,0.012354863710553055,Away Win
I2,2026-02-21,14:00,Virtus Entella,Catanzaro,,2.45,3.1,2.85,2.5,3.0,2.88,2.55,3.1,2.7,2.38,3.1,2.88,2.45,3.1,2.87,2.37,3.0,2.75,2.37,3.0,2.75,,,,2.55,3.1,3.1,2.47,3.02,2.87,2.54,3.05,3.1,2.25,1.62,,,2.25,1.62,2.22,1.59,2.28,1.71,-0.25,2.15,1.68,,,2.15,1.75,2.1,1.66,2.13,1.75,,,,,,,,,,,,,,,,,,,,,,,,,,,,,,,,,,,,,,,,,,,,,,,,,,,,,,,1.2037037037037037,0.9780439121756488,0.41171107978733046,0.2903018238935712,0.29798641308194806,1,0,H,0.012193724410278162,Draw
EC,2026-02-21,15:00,Brackley Town,Southend,P Johnson,4.5,3.5,1.7,4.5,3.5,1.67,3.8,3.45,1.8,4.6,3.6,1.67,4.2,3.5,1.66,,,,,,,,,,4.75,3.75,1.8,4.39,3.56,1.7,4.1,3.35,1.61,1.9,1.9,,,1.9,1.9,1.83,1.86,1.77,1.76,0.75,1.9,1.9,,,1.9,1.9,1.84,1.85,1.48,1.61,,,,,,,,,,,,,,,,,,,,,,,,,,,,,,,,,,,,,,,,,,,,,,,,,,,,,,,0.7007676902536716,1.2446943972835316,0.20925718686782935,0.297550049786266,0.493191961390566,0,1,A,0.011835764071980281,Draw
SP2,2026-02-21,15:15,La Coruna,Eibar,,1.86,3.25,4.33,1.91,3.1,4.33,1.95,3.15,3.9,1.87,3.13,4.2,1.9,3.0,4.1,1.91,2.9,4.0,1.91,2.9,4.0,,,,1.95,3.25,4.4,1.9,3.1,4.14,2.0,3.3,4.9,2.4,1.53,,,2.5,1.55,2.39,1.51,2.54,1.57,-0.5,1.9,1.9,,,1.93,1.9,1.87,1.82,2.0,1.99,,,,,,,,,,,,,,,,,,,,,,,,,,,,,,,,,,,,,,,,,,,,,,,,,,,,,,,1.534722222222222,0.484240687679083,0.6340354572081426,0.2514038650554979,0.11455568452089981,1,0,H,0.010770660480745542,Away Win
SC0,2026-02-21,15:00,Dundee United,Kilmarnock,J Beaton,1.96,3.6,3.7,2.0,3.5,3.6,1.91,3.55,3.95,1.95,3.5,3.4,1.98,3.6,3.5,,,,,,,,,,2.0,3.6,3.95,1.95,3.52,3.6,2.04,3.65,3.9,1.73,2.1,,,1.8,2.1,1.74,2.01,1.74,2.14,-0.5,2.0,1.85,,,2.0,1.85,1.92,1.8,2.04,1.89,,,,,,,,,,,,,,,,,,,,,,,,,,,,,,,,,,,,,,,,,,,,,,,,,,,,,,,1.6535087719298245,1.3548387096774193,0.44550713019112054,0.23971236108693703,0.31476936228479313,1,1,D,0.009660660434651636,Home Win
SC1,2026-02-20,19:45,Raith Rvs,St Johnstone,R Hardie,3.7,3.1,1.91,3.75,3.1,1.95,3.5,3.25,2.02,3.7,3.2,1.95,3.6,3.1,1.9,3.6,3.2,1.91,3.6,3.2,1.91,,,,3.9,3.25,2.02,3.64,3.17,1.96,4.2,3.45,1.98,2.2,1.65,,,2.2,1.67,2.14,1.63,2.24,1.76,0.5,1.83,1.98,,,1.83,2.0,1.76,1.94,1.96,1.98,,,,,,,,,,,,,,,,,,,,,,,,,,,,,,,,,,,,,,,,,,,,,,,,,,,,,,,1.3917274939172746,1.941747572815534,0.2757034187026755,0.22042316422639663,0.50383483445453,1,1,D,0.009093095256913597,Draw
B1,2026-02-20,19:45,Gent,Cercle Brugge,,2.15,3.5,2.9,2.25,3.4,2.88,2.23,3.55,3.05,2.25,3.6,2.9,2.3,3.5,2.95,2.3,3.5,2.9,2.3,3.5,2.9,,,,2.3,3.6,3.05,2.24,3.5,2.95,2.38,3.7,3.1,1.67,2.15,,,1.7,2.15,1.67,2.09,1.72,2.24,-0.25,1.95,1.85,,,1.95,1.86,1.91,1.83,2.05,1.91,,,,,,,,,,,,,,,,,,,,,,,,,,,,,,,,,,,,,,,,,,,,,,,,,,,,,,,1.311926605504587,1.25,0.3815754101760736,0.2660458426564222,0.35237664784517336,1,1,D,0.007549061638276788,Away Win
I1,2026-02-22,17:00,Milan,Parma,,1.33,5.0,9.5,1.33,5.0,9.5,1.33,5.0,10.0,1.3,4.8,10.0,1.35,5.0,8.75,,,,,,,,,,1.35,5.33,10.0,1.32,4.95,9.48,1.35,5.7,10.5,1.8,2.0,,,1.83,2.0,1.78,1.97,1.9,2.06,-1.5,2.03,1.83,,,2.03,1.85,1.95,1.78,2.09,1.85,,,,,,,,,,,,,,,,,,,,,,,,,,,,,,,,,,,,,,,,,,,,,,,,,,,,,,,1.3100775193798448,0.45138888888888884,0.5830949383656137,0.289426345284958,0.12747746116250952,1,0,H,0.007426055308399626,Draw
E3,2026-02-21,15:00,Colchester,Barnet,A Chilowicz,2.75,3.3,2.4,2.75,3.25,2.6,2.5,3.2,2.65,2.8,3.3,2.5,2.65,3.3,2.5,2.7,3.4,2.5,2.7,3.4,2.5,,,,2.83,3.4,2.65,2.7,3.24,2.53,2.82,3.25,2.66,2.0,1.8,,,2.0,1.82,1.94,1.77,1.9,1.67,0.0,2.05,1.8,,,2.05,1.83,1.97,1.77,2.0,1.89,,,,,,,,,,,,,,,,,,,,,,,,,,,,,,,,,,,,,,,,,,,,,,,,,,,,,,,1.0666666666666669,0.9848775292864748,0.3694612900200556,0.30345537040378306,0.3270830425206451,1,0,H,0.005824926383691975,Home Win
SP2,2026-02-21,13:00,Leganes,Cultural Leonesa,,1.68,3.5,5.0,1.7,3.4,5.0,1.77,3.3,4.35,1.7,3.4,4.75,1.68,3.5,4.75,,,,,,,,,,1.77,3.6,5.33,1.7,3.45,4.8,1.79,3.55,5.3,2.15,1.67,,,2.2,1.7,2.08,1.67,2.2,1.73,-0.75,1.95,1.85,,,2.02,1.85,1.93,1.79,2.04,1.88,,,,,,,,,,,,,,,,,,,,,,,,,,,,,,,,,,,,,,,,,,,,,,,,,,,,,,,1.3333333333333333,1.1346704871060171,0.41230206961003757,0.2704465567747144,0.31724955887510187,1,1,D,0.005509964654261679,Home Win
P1,2026-02-23,20:15,Famalicao,Casa Pia,,1.61,3.6,5.5,1.62,3.6,5.5,1.66,3.65,5.2,1.62,3.6,5.0,1.65,3.75,5.0,,,,,,,,,,1.67,3.75,5.7,1.63,3.65,5.18,1.69,3.85,5.7,2.0,1.8,,,2.0,1.8,1.96,1.76,,,-0.75,1.85,2.0,,,1.85,2.0,1.79,1.92,,,,,,,,,,,,,,,,,,,,,,,,,,,,,,,,,,,,,,,,,,,,,,,,,,,,,,,,,2.0820967079128807,0.578220366206232,0.7260266211358116,0.18310559079463484,0.09080317677506089,2,0,H,0.005433148432405277,Home Win
E3,2026-02-21,15:00,Gillingham,Oldham,J Oldham,2.05,3.25,3.5,2.15,3.25,3.5,2.2,3.15,3.15,2.1,3.3,3.5,2.15,3.3,3.3,2.15,3.3,3.4,2.15,3.3,3.3,,,,2.2,3.33,3.6,2.12,3.25,3.37,2.14,3.2,3.6,2.1,1.7,,,2.15,1.7,2.09,1.66,2.12,1.78,-0.25,1.8,2.05,,,1.85,2.05,1.81,1.91,1.84,2.0,,,,,,,,,,,,,,,,,,,,,,,,,,,,,,,,,,,,,,,,,,,,,,,,,,,,,,,1.3095238095238095,1.0221207972006694,0.4314640912382959,0.27769922718455664,0.2908352951877531,1,1,D,0.005121009473467386,Away Win
E3,2026-02-21,15:00,Cheltenham,Salford,A Byrne,3.7,3.7,1.86,4.0,3.6,1.9,4.25,3.7,1.73,3.9,3.6,1.9,4.0,3.7,1.82,4.0,3.75,1.83,4.0,3.7,1.83,,,,4.25,3.75,1.9,3.97,3.62,1.84,4.1,3.6,1.91,1.85,1.95,,,1.85,2.02,1.78,1.94,1.88,1.99,0.5,1.93,1.93,,,2.02,1.93,1.92,1.79,1.96,1.91,,,,,,,,,,,,,,,,,,,,,,,,,,,,,,,,,,,,,,,,,,,,,,,,,,,,,,,1.0666666666666667,1.467660631877884,0.27495083099191275,0.2614138895184067,0.46363168729186033,1,1,D,0.004680560721642524,Home Win
B1,2026-02-21,19:45,St. Gilloise,Antwerp,,1.42,4.0,7.5,1.4,4.2,7.5,1.43,4.4,7.0,1.4,4.1,7.5,1.46,4.5,6.75,1.44,4.5,7.0,1.44,4.5,6.5,,,,1.46,4.5,7.5,1.42,4.32,7.06,1.44,4.6,8.4,1.8,2.0,,,1.9,2.0,1.8,1.91,1.83,2.04,-1.25,1.98,1.83,,,2.0,1.83,1.96,1.79,2.01,1.87,,,,,,,,,,,,,,,,,,,,,,,,,,,,,,,,,,,,,,,,,,,,,,,,,,,,,,,1.4212538226299694,0.15,0.7082519193646379,0.2544992531167691,0.037246262828824706,1,0,H,0.004499253116769075,Draw
I1,2026-02-23,17:30,Fiorentina,Pisa,,1.67,4.0,5.0,1.67,3.75,5.0,1.63,4.0,5.25,1.65,3.8,4.8,1.65,4.0,5.0,,,,,,,,,,1.67,4.0,5.25,1.64,3.88,5.0,1.68,4.0,5.7,1.8,2.0,,,1.8,2.05,1.76,2.01,1.84,2.12,-0.75,1.85,2.0,,,1.85,2.0,1.8,1.96,1.86,2.11,,,,,,,,,,,,,,,,,,,,,,,,,,,,,,,,,,,,,,,,,,,,,,,,,,,,,,,2.474590869939707,1.7152777777777775,0.5455376746440826,0.19002936472710377,0.2641639102606068,2,1,H,0.003547814481208056,Home Win
I2,2026-02-21,14:00,Venezia,Pescara,,1.33,4.75,8.0,1.33,5.0,8.0,1.3,5.1,8.0,1.33,4.8,7.5,1.38,5.0,7.0,1.35,4.6,6.5,1.35,4.6,6.5,,,,1.38,5.33,8.0,1.33,4.95,7.39,1.38,5.4,8.6,1.5,2.5,,,1.52,2.55,1.48,2.48,1.52,2.68,-1.5,2.0,1.8,,,2.0,1.86,1.9,1.8,2.0,1.84,,,,,,,,,,,,,,,,,,,,,,,,,,,,,,,,,,,,,,,,,,,,,,,,,,,,,,,3.385416666666667,0.6706586826347305,0.8714999028815387,0.08545732062332707,0.040414502003694605,3,0,H,0.0017566499402687785,Away Win
E2,2026-02-21,15:00,Bolton,Blackpool,R Eley,1.49,4.0,6.0,1.53,4.2,6.0,1.54,4.2,5.75,1.5,4.2,6.0,1.53,4.2,5.25,1.55,4.33,5.5,1.55,4.33,5.5,,,,1.55,4.33,6.0,1.52,4.18,5.7,1.54,3.9,6.6,1.73,2.08,,,1.75,2.12,1.68,2.07,1.72,2.1,-1.0,1.88,1.98,,,1.9,1.98,1.84,1.87,1.86,1.97,,,,,,,,,,,,,,,,,,,,,,,,,,,,,,,,,,,,,,,,,,,,,,,,,,,,,,,1.8148207426376444,0.5788095238095239,0.6727433847207135,0.21552550851099753,0.11171033844550629,1,0,H,0.001602445123398022,Home Win
SC3,2026-02-21,15:00,Stranraer,Spartans,G Hanvidge,2.63,3.2,2.35,2.75,3.2,2.3,,,,2.8,3.25,2.3,2.65,3.25,2.25,,,,,,,,,,2.8,3.3,2.5,2.65,3.22,2.35,2.66,3.0,2.48,1.95,1.85,,,1.95,1.85,1.87,1.8,1.8,1.73,0.0,2.03,1.78,,,2.06,1.78,1.96,1.7,1.96,1.96,,,,,,,,,,,,,,,,,,,,,,,,,,,,,,,,,,,,,,,,,,,,,,,,,,,,,,,0.9977158519872088,1.9908466819221966,0.18319364575796,0.21249946846588952,0.6042619986401241,0,1,A,0.0006762872686058158,Draw
SC3,2026-02-21,15:00,Elgin,Stirling,J Wilkie,1.7,3.7,4.0,1.73,3.6,4.0,1.55,3.8,4.75,1.7,3.75,4.1,1.73,3.6,3.8,,,,,,,,,,1.75,3.8,4.75,1.69,3.69,4.05,1.69,4.0,4.2,1.65,2.2,,,1.65,2.2,1.6,2.12,1.56,2.22,-0.75,1.95,1.85,,,1.95,1.85,1.88,1.77,1.89,1.96,,,,,,,,,,,,,,,,,,,,,,,,,,,,,,,,,,,,,,,,,,,,,,,,,,,,,,,2.21570663233523,1.9920948616600795,0.441787796529333,0.20033436913138192,0.3577260092038208,2,1,H,0.00042115371681272773,Home Win
T1,2026-02-21,10:30,Eyupspor,Genclerbirligi,,2.75,3.4,2.35,2.88,3.2,2.38,3.05,3.35,2.25,2.8,3.25,2.38,2.9,3.4,2.3,,,,,,,,,,3.05,3.4,2.4,2.86,3.28,2.35,3.05,3.35,2.54,1.95,1.85,,,1.95,1.9,1.88,1.82,1.99,1.9,0.25,1.73,2.08,,,1.8,2.08,1.74,1.98,1.79,2.17,,,,,,,,,,,,,,,,,,,,,,,,,,,,,,,,,,,,,,,,,,,,,,,,,,,,,,,1.0167464114832536,0.9592476489028214,0.3598358679249121,0.3105892163842409,0.3295747098537756,1,0,H,-0.0007368379227604971,Away Win
B1,2026-02-22,18:15,Westerlo,Charleroi,,2.25,3.4,2.75,2.3,3.4,2.88,2.48,3.1,2.95,2.3,3.4,2.75,2.4,3.5,2.8,,,,,,,,,,2.5,3.5,3.0,2.36,3.26,2.87,2.44,3.4,3.0,1.73,2.08,,,1.8,2.08,1.73,2.01,1.76,2.08,-0.25,2.03,1.78,,,2.1,1.83,2.04,1.73,,,,,,,,,,,,,,,,,,,,,,,,,,,,,,,,,,,,,,,,,,,,,,,,,,,,,,,,,1.1131498470948014,1.0833333333333333,0.36173263384602516,0.29155342220829017,0.34671341989016746,1,1,D,-0.00256422485053337,Draw
N1,2026-02-21,20:00,Ajax,Nijmegen,,1.75,4.33,4.0,1.8,4.0,3.75,1.72,4.1,4.1,1.73,4.1,4.0,1.8,4.2,3.8,1.8,4.2,3.8,1.8,4.2,3.8,,,,1.8,4.33,4.1,1.75,4.12,3.94,1.82,4.5,4.1,1.44,2.7,,,1.48,2.8,1.43,2.67,1.47,2.96,-0.75,1.95,1.85,,,1.95,1.86,1.91,1.84,2.02,1.94,,,,,,,,,,,,,,,,,,,,,,,,,,,,,,,,,,,,,,,,,,,,,,,,,,,,,,,2.1473765432098766,1.3162393162393162,0.5641188042711924,0.20591373647393188,0.22988315126447292,2,1,H,-0.002667818193320126,Home Win
D2,2026-02-21,12:00,Elversberg,Braunschweig,,1.57,3.9,5.75,1.53,4.0,5.5,1.58,4.1,5.1,1.53,3.9,5.5,1.6,4.2,5.25,,,,,,,,,,1.6,4.2,5.75,1.56,4.03,5.31,1.6,4.4,6.2,1.73,2.08,,,1.73,2.2,1.68,2.07,1.79,2.12,-1.0,1.95,1.85,,,1.95,1.85,1.91,1.79,1.98,1.93,,,,,,,,,,,,,,,,,,,,,,,,,,,,,,,,,,,,,,,,,,,,,,,,,,,,,,,1.681194029850746,0.777857142857143,0.589368128638305,0.2396795302566458,0.17094143567380177,1,0,H,-0.0029716078044590977,Away Win
E1,2026-02-21,15:00,Middlesbrough,Oxford,O Langford,1.39,4.33,7.5,1.4,4.5,8.0,1.41,4.8,8.0,1.36,4.8,8.5,1.42,4.8,7.0,1.4,4.8,7.0,1.4,4.8,7.0,,,,1.44,4.8,8.6,1.4,4.59,7.6,1.44,5.0,9.0,1.8,2.0,,,1.8,2.1,1.74,2.01,1.8,2.16,-1.25,1.98,1.88,,,1.98,1.91,1.87,1.89,1.99,1.96,,,,,,,,,,,,,,,,,,,,,,,,,,,,,,,,,,,,,,,,,,,,,,,,,,,,,,,1.7322834645669296,0.6088560885608856,0.6463260964492838,0.22781020158198717,0.12584966190575647,1,0,H,-0.0031366806351028897,Draw
E2,2026-02-21,15:00,Luton,Burton,S Stockbridge,1.76,3.6,4.33,1.83,3.6,4.2,1.71,3.7,4.75,1.83,3.6,4.2,1.8,3.5,4.33,1.8,3.6,4.4,1.8,3.5,4.33,,,,1.83,3.8,4.75,1.78,3.62,4.3,1.81,3.75,4.6,1.9,1.9,,,1.9,1.9,1.85,1.85,1.91,1.92,-0.75,2.05,1.8,,,2.05,1.84,1.93,1.78,2.07,1.87,,,,,,,,,,,,,,,,,,,,,,,,,,,,,,,,,,,,,,,,,,,,,,,,,,,,,,,1.501920614596671,0.9066666666666667,0.5114082343533254,0.2609923442002492,0.22759523282529343,1,0,H,-0.003351649391796635,Away Win
F2,2026-02-21,13:00,Reims,Amiens,,1.42,4.5,6.5,1.4,4.33,7.0,1.43,4.2,7.0,1.4,4.4,7.0,1.44,4.5,6.5,,,,,,,,,,1.5,4.5,7.25,1.43,4.34,6.58,1.46,4.5,7.0,1.75,2.05,,,1.75,2.05,1.72,2.01,1.69,2.08,-1.25,1.98,1.83,,,2.0,1.85,1.94,1.78,2.03,1.83,,,,,,,,,,,,,,,,,,,,,,,,,,,,,,,,,,,,,,,,,,,,,,,,,,,,,,,2.2611570247933885,0.8156329651656755,0.700607398396746,0.17937971768081362,0.11988719210125082,2,0,H,-0.0036179537159301,Home Win
SC0,2026-02-21,19:30,St Mirren,Motherwell,C Scott,3.0,3.2,2.35,3.0,3.25,2.4,2.9,3.3,2.4,2.8,3.25,2.38,2.85,3.4,2.35,2.9,3.4,2.37,2.87,3.4,2.37,,,,3.0,3.4,2.42,2.89,3.27,2.38,3.0,3.6,2.44,2.0,1.8,,,2.0,1.8,1.95,1.77,1.98,1.86,0.25,1.78,2.1,,,1.78,2.1,1.74,2.03,1.86,2.1,,,,,,,,,,,,,,,,,,,,,,,,,,,,,,,,,,,,,,,,,,,,,,,,,,,,,,,0.4210526315789474,0.8684863523573201,0.1701913530036288,0.3856940755963702,0.44411454073702455,0,0,D,-0.00424150470308482,Draw
SP1,2026-02-23,20:00,Alaves,Girona,,2.3,3.0,3.5,2.3,3.0,3.4,2.35,2.95,3.45,2.2,3.0,3.25,2.35,3.1,3.3,,,,,,,,,,2.35,3.1,3.6,2.29,2.96,3.4,2.4,3.1,3.7,2.5,1.53,,,2.5,1.55,2.41,1.53,2.52,1.6,-0.25,1.95,1.9,,,1.97,1.9,1.93,1.84,2.01,1.96,,,,,,,,,,,,,,,,,,,,,,,,,,,,,,,,,,,,,,,,,,,,,,,,,,,,,,,1.2314814814814816,0.9965156794425089,0.41542094847026645,0.2865090685557692,0.29806914942483875,1,0,H,-0.0050683844969625635,Home Win
E2,2026-02-21,15:00,Peterboro,Exeter,E Swallow,2.15,3.4,3.0,2.25,3.5,3.0,2.23,3.55,3.0,2.25,3.5,3.0,2.25,3.5,2.9,2.25,3.6,2.9,2.25,3.6,2.9,,,,2.25,3.75,3.05,2.22,3.55,2.94,2.3,3.8,3.15,1.75,2.05,,,1.75,2.1,1.72,2.02,1.79,2.12,-0.25,1.98,1.88,,,1.98,1.9,1.89,1.82,2.01,1.93,,,,,,,,,,,,,,,,,,,,,,,,,,,,,,,,,,,,,,,,,,,,,,,,,,,,,,,1.2396967029449426,0.9372767857142859,0.4317707450590041,0.28871657082528895,0.27951185264311645,1,0,H,-0.005401076233534585,Draw
E0,2026-02-23,20:00,Everton,Man United,D England,3.7,3.75,1.91,3.6,3.6,2.0,3.7,3.9,1.95,3.6,3.6,1.93,3.5,3.75,1.98,,,,,,,,,,3.7,3.9,2.0,3.57,3.73,1.94,3.8,3.95,2.02,1.73,2.1,,,1.73,2.15,1.68,2.12,1.76,2.28,0.5,1.9,1.95,,,1.9,1.95,1.82,1.91,1.96,2.02,,,,,,,,,,,,,,,,,,,,,,,,,,,,,,,,,,,,,,,,,,,,,,,,,,,,,,,1.3538461538461537,1.9652605459057073,0.2637937489113822,0.21894262778755244,0.5172216924127406,1,1,D,-0.006338517011343137,Away Win
B1,2026-02-21,17:15,Club Brugge,Oud-Heverlee Leuven,,1.4,4.33,7.0,1.33,5.0,8.0,1.33,5.25,8.5,1.33,4.8,7.5,1.4,5.0,7.25,1.4,5.0,7.0,1.4,5.0,7.0,,,,1.4,5.33,8.5,1.36,4.92,7.55,1.41,5.2,9.0,1.57,2.35,,,1.57,2.45,1.53,2.36,1.58,2.5,-1.5,2.05,1.75,,,2.05,1.83,1.99,1.74,2.08,1.85,,,,,,,,,,,,,,,,,,,,,,,,,,,,,,,,,,,,,,,,,,,,,,,,,,,,,,,2.3256880733944953,0.8333333333333335,0.7078657654904621,0.17436288644186387,0.1176141128324546,2,0,H,-0.006419948795252206,Home Win
P1,2026-02-22,18:00,Estoril,Gil Vicente,,2.7,3.25,2.5,2.75,3.2,2.5,2.55,3.25,2.7,2.63,3.25,2.45,2.8,3.4,2.37,,,,,,,,,,2.83,3.4,2.7,2.69,3.27,2.48,2.94,3.4,2.58,1.95,1.85,,,1.95,1.85,1.91,1.81,1.97,1.91,0.0,2.0,1.85,,,2.0,1.85,1.96,1.78,,,,,,,,,,,,,,,,,,,,,,,,,,,,,,,,,,,,,,,,,,,,,,,,,,,,,,,,,1.260216428473586,1.4391262447799549,0.3303133662807854,0.25701662177630064,0.4126662616273256,1,1,D,-0.006788342640602046,Draw
I2,2026-02-21,16:15,Cesena,Spezia,,2.15,3.1,3.5,2.15,3.1,3.4,2.15,3.2,3.25,2.1,3.13,3.3,2.2,3.3,3.1,2.15,3.1,3.0,2.15,3.1,3.0,,,,2.2,3.33,3.5,2.14,3.17,3.28,2.24,3.3,3.65,2.2,1.65,,,2.2,1.68,2.14,1.63,2.26,1.7,-0.25,1.85,1.95,,,1.85,1.95,1.81,1.9,1.91,2.01,,,,,,,,,,,,,,,,,,,,,,,,,,,,,,,,,,,,,,,,,,,,,,,,,,,,,,,1.2037037037037037,1.0479041916167664,0.395702490079965,0.28617255746385245,0.31812418985562224,1,1,D,-0.007309767157378966,Home Win
D1,2026-02-21,14:30,Bayern Munich,Ein Frankfurt,,1.14,9.5,13.0,1.14,8.5,15.0,1.13,9.5,17.0,1.1,8.0,15.0,1.15,8.5,13.0,1.17,8.5,13.0,1.17,8.5,13.0,,,,1.17,9.5,17.0,1.14,8.63,14.22,1.17,10.5,18.5,1.2,4.5,,,1.21,4.8,1.19,4.41,1.21,5.1,-2.5,1.93,1.93,,,1.95,1.93,1.89,1.85,1.94,2.01,,,,,,,,,,,,,,,,,,,,,,,,,,,,,,,,,,,,,,,,,,,,,,,,,,,,,,,5.7272727272727275,1.3636363636363638,0.869294201588034,0.03853836036481813,0.025738473182583002,5,1,H,-0.007898780868106359,Home Win
E0,2026-02-22,16:30,Tottenham,Arsenal,P Bankes,6.0,4.0,1.57,5.5,4.2,1.57,6.1,4.1,1.58,5.75,4.0,1.53,5.5,4.0,1.58,,,,,,,,,,6.1,4.2,1.6,5.83,3.98,1.56,6.2,4.3,1.62,1.8,2.0,,,1.83,2.02,1.77,1.98,1.87,2.1,1.0,1.88,1.98,,,1.88,1.98,1.84,1.93,1.92,2.07,,,,,,,,,,,,,,,,,,,,,,,,,,,,,,,,,,,,,,,,,,,,,,,,,,,,,,,0.6857142857142856,1.741935483870968,0.14246614272979433,0.2296291865995236,0.6278899539329633,0,1,A,-0.00905272122627232,Away Win
E0,2026-02-22,14:00,Nott'm Forest,Liverpool,A Taylor,4.1,3.9,1.8,4.0,4.0,1.83,4.4,3.95,1.79,4.2,3.8,1.8,4.0,3.8,1.83,4.0,3.8,1.83,3.9,3.8,1.83,,,,4.4,4.0,1.83,4.08,3.88,1.8,4.4,4.1,1.88,1.73,2.1,,,1.73,2.2,1.68,2.13,1.77,2.22,0.75,1.83,2.03,,,1.83,2.03,1.8,1.98,1.85,2.15,,,,,,,,,,,,,,,,,,,,,,,,,,,,,,,,,,,,,,,,,,,,,,,,,,,,,,,1.05,1.7866004962779158,0.22136148454290774,0.23228767083836213,0.5463324617469542,1,1,D,-0.009223093808601424,Away Win
E3,2026-02-21,15:00,Newport County,Cambridge,L Sandoe,5.75,3.8,1.56,6.0,3.75,1.6,5.0,3.5,1.66,5.75,3.8,1.6,5.25,3.8,1.6,5.5,3.9,1.61,5.5,3.9,1.61,,,,6.0,4.0,1.66,5.53,3.76,1.6,6.0,3.85,1.72,2.03,1.83,,,2.03,1.83,1.95,1.77,1.99,1.83,1.0,1.78,2.1,,,1.8,2.12,1.7,2.05,1.76,2.17,,,,,,,,,,,,,,,,,,,,,,,,,,,,,,,,,,,,,,,,,,,,,,,,,,,,,,,0.7291666666666666,1.7887113951011713,0.14741624995152033,0.22548120450161677,0.6270841486205125,0,1,A,-0.01394149240512843,Away Win
SC0,2026-02-22,15:00,Celtic,Hibernian,M MacDermid,1.45,4.75,6.25,1.44,4.6,7.0,1.45,4.6,6.4,1.4,4.5,6.5,1.44,4.8,6.0,,,,,,,,,,1.45,4.8,7.0,1.42,4.64,6.36,1.51,4.9,6.4,1.53,2.5,,,1.53,2.5,1.5,2.45,1.54,2.54,-1.25,2.0,1.85,,,2.0,1.9,1.91,1.83,2.0,1.84,,,,,,,,,,,,,,,,,,,,,,,,,,,,,,,,,,,,,,,,,,,,,,,,,,,,,,,1.9959514170040484,0.7696125214735635,0.661137108337341,0.20373797314887163,0.13507917805648842,1,0,H,-0.015192434012541,Away Win
EC,2026-02-21,15:00,Boreham Wood,Forest Green,N Hair,2.38,3.5,2.55,2.4,3.3,2.6,2.3,3.35,2.65,2.45,3.4,2.55,2.35,3.3,2.5,,,,,,,,,,2.5,3.6,2.65,2.41,3.39,2.58,2.3,3.15,2.66,1.7,2.1,,,1.7,2.1,1.66,2.07,1.6,1.99,0.0,1.83,1.98,,,1.83,1.98,1.8,1.9,1.72,2.04,,,,,,,,,,,,,,,,,,,,,,,,,,,,,,,,,,,,,,,,,,,,,,,,,,,,,,,1.5081045560747661,1.3799872665534805,0.40474566212845253,0.24777599125849628,0.3474720713023012,1,1,D,-0.01542240509843823,Home Win
SC1,2026-02-21,15:00,Arbroath,Dunfermline,K Clancy,2.2,3.2,2.9,2.3,3.0,3.0,2.28,3.2,2.95,2.25,3.13,3.0,2.25,3.1,2.85,,,,,,,,,,2.33,3.25,3.05,2.26,3.12,2.97,2.28,3.2,3.35,2.15,1.67,,,2.2,1.73,2.1,1.66,2.14,1.69,-0.25,1.95,1.85,,,1.95,1.85,1.93,1.77,1.94,2.0,,,,,,,,,,,,,,,,,,,,,,,,,,,,,,,,,,,,,,,,,,,,,,,,,,,,,,,1.1731917717319178,1.320388349514563,0.3301355003761709,0.2695577144755881,0.4003049693294093,1,1,D,-0.016298659021775852,Away Win
P1,2026-02-20,20:45,Estrela,Tondela,,2.5,3.2,2.7,2.63,3.0,2.75,2.43,3.15,2.95,2.5,3.0,2.75,2.55,3.1,2.75,2.6,3.2,2.8,2.6,3.1,2.8,,,,2.66,3.2,2.95,2.55,3.05,2.79,2.82,3.2,2.96,2.25,1.62,,,2.3,1.62,2.24,1.58,2.44,1.66,0.0,1.88,1.98,,,1.88,1.98,1.8,1.93,1.94,2.04,,,,,,,,,,,,,,,,,,,,,,,,,,,,,,,,,,,,,,,,,,,,,,,,,,,,,,,1.687594173782019,0.8737552200449726,0.5662728047967674,0.24054778739639937,0.1931681238350439,1,0,H,-0.021936583328036344,Draw
SC0,2026-02-21,15:00,Hearts,Falkirk,D Nicolson,1.62,3.6,5.5,1.62,3.75,5.5,1.65,3.85,5.0,1.62,3.75,5.0,1.63,4.0,4.8,,,,,,,,,,1.65,4.2,5.5,1.62,3.83,5.07,1.64,4.0,5.8,1.88,1.98,,,1.91,1.98,1.83,1.9,1.89,1.98,-0.75,1.85,2.0,,,1.85,2.0,1.8,1.95,1.82,2.11,,,,,,,,,,,,,,,,,,,,,,,,,,,,,,,,,,,,,,,,,,,,,,,,,,,,,,,1.8947368421052628,0.5772093911051727,0.6899737684589253,0.20527792722984334,0.10471855363429611,1,0,H,-0.02226305004779794,Home Win
T1,2026-02-21,13:00,Alanyaspor,Buyuksehyr,,2.75,3.4,2.4,2.8,3.25,2.4,2.65,3.45,2.45,2.7,3.3,2.38,2.7,3.4,2.4,,,,,,,,,,2.82,3.45,2.45,2.72,3.32,2.41,3.0,3.45,2.58,1.85,1.95,,,1.9,2.0,1.81,1.9,1.87,2.0,0.25,1.73,2.08,,,1.75,2.08,1.69,2.05,1.8,2.2,,,,,,,,,,,,,,,,,,,,,,,,,,,,,,,,,,,,,,,,,,,,,,,,,,,,,,,0.5921052631578948,1.1912225705329154,0.18405643065637306,0.30924490305064534,0.5066981258188002,0,1,A,,
T1,2026-02-21,17:00,Konyaspor,Galatasaray,,6.0,4.5,1.45,6.5,4.33,1.44,6.1,4.4,1.46,6.0,4.33,1.44,5.75,4.5,1.47,6.0,4.6,1.5,6.0,4.6,1.48,,,,6.5,4.75,1.5,5.99,4.44,1.45,6.8,5.2,1.48,1.6,2.3,,,1.62,2.3,1.56,2.27,1.64,2.44,1.25,1.8,2.0,,,1.8,2.0,1.77,1.94,1.86,2.11,,,,,,,,,,,,,,,,,,,,,,,,,,,,,,,,,,,,,,,,,,,,,,,,,,,,,,,0.39473684210526316,2.220689655172414,0.0520936028881612,0.15274298973878042,0.7950546441248905,0,2,A,,
T1,2026-02-22,10:30,Kayserispor,Antalyaspor,,1.91,3.3,4.0,2.0,3.25,3.6,1.97,3.4,3.6,1.93,3.3,3.7,2.0,3.3,3.6,2.05,3.4,3.7,2.0,3.4,3.6,,,,2.05,3.4,4.0,1.95,3.32,3.68,2.0,3.35,4.1,2.05,1.75,,,2.1,1.81,1.98,1.74,2.1,1.75,-0.5,1.95,1.85,,,2.0,1.85,1.9,1.79,2.0,1.87,,,,,,,,,,,,,,,,,,,,,,,,,,,,,,,,,,,,,,,,,,,,,,,,,,,,,,,0.4605263157894736,1.110344827586207,0.15273882478623818,0.328538656902067,0.5187222309108743,0,1,A,,
T1,2026-02-22,13:00,Gaziantep,Trabzonspor,,3.6,3.6,1.91,3.5,3.5,1.95,3.35,3.6,2.0,3.4,3.5,1.95,3.3,3.7,2.0,3.4,3.75,2.0,3.3,3.75,2.0,,,,3.6,3.75,2.0,3.42,3.57,1.96,3.8,3.8,2.04,1.7,2.1,,,1.7,2.2,1.66,2.09,1.74,2.18,0.5,1.83,1.98,,,1.83,1.98,1.78,1.91,1.9,2.04,,,,,,,,,,,,,,,,,,,,,,,,,,,,,,,,,,,,,,,,,,,,,,,,,,,,,,,1.3456937799043063,2.620689655172414,0.17878050782859703,0.17359718978012192,0.64722147555558,1,2,A,,
T1,2026-02-22,17:00,Besiktas,Goztep,,1.68,3.6,4.75,1.73,3.6,4.5,1.8,3.55,4.2,1.7,3.6,4.4,1.75,3.7,4.33,,,,,,,,,,1.8,3.75,4.75,1.72,3.62,4.37,1.77,3.8,5.0,1.85,1.95,,,1.85,1.95,1.8,1.91,1.77,2.0,-0.75,1.95,1.85,,,1.98,1.85,1.92,1.78,,,,,,,,,,,,,,,,,,,,,,,,,,,,,,,,,,,,,,,,,,,,,,,,,,,,,,,,,0.7954545454545454,1.1410658307210033,0.2548465263622613,0.307967427537804,0.4371856653255269,0,1,A,,
T1,2026-02-22,17:00,Karagumruk,Samsunspor,,3.75,3.3,1.96,3.6,3.25,2.0,3.75,3.4,1.94,3.5,3.25,2.0,3.75,3.3,1.98,,,,,,,,,,3.75,3.4,2.0,3.6,3.31,1.97,3.85,3.45,2.12,2.05,1.75,,,2.1,1.78,1.99,1.73,1.93,1.81,0.5,1.78,2.03,,,1.91,2.03,1.77,1.92,,,,,,,,,,,,,,,,,,,,,,,,,,,,,,,,,,,,,,,,,,,,,,,,,,,,,,,,,0.8971291866028707,1.905956112852665,0.17156574355914858,0.21797461822555156,0.6104283527062704,0,1,A,,
T1,2026-02-23,17:00,Fenerbahce,Kasimpasa,,1.19,6.0,13.0,1.25,5.5,10.0,1.25,5.8,9.5,1.22,5.5,10.5,1.27,5.75,9.5,,,,,,,,,,1.28,6.0,13.0,1.23,5.66,10.05,1.25,6.6,12.5,1.53,2.4,,,1.54,2.45,1.52,2.38,1.46,2.6,-1.75,1.93,1.88,,,2.0,1.88,1.93,1.79,1.81,1.8,,,,,,,,,,,,,,,,,,,,,,,,,,,,,,,,,,,,,,,,,,,,,,,,,,,,,,,2.421052631578947,0.6206896551724138,0.772180604652169,0.15141730111297222,0.07618623900031643,2,0,H,,
